Model,Scenario,Region,Variable,Unit,2000,2001,2002,2003,2004,2005,2006,2007,2008,2009,2010,2011,2012,2013,2014,2015,2020,2025,2030,2035,2040,2045,2050,2055,2060,2065,2070,2075,2080,2085,2090,2095,2100
AIM/CGE 2.0,ADVANCE_2020_1.5C-2100,World,Emissions|CH4,Mt CH4/yr,,,,,,344.9167,,,,,367.7457,,,,,380.4086,385.0877,229.1313,182.2792,155.222,133.4843,115.1794,106.6429,107.6389,111.0836,115.9752,116.5906,118.0872,120.9023,122.0036,120.1977,133.5733,133.5872
AIM/CGE 2.0,ADVANCE_2020_1.5C-2100,World,Emissions|CH4|AFOLU,Mt CH4/yr,,,,,,167.6717,,,,,179.6356,,,,,190.3513,198.5217,152.3684,129.2881,115.4458,103.5424,92.5953,87.0971,88.7903,92.3224,96.7759,98.0924,100.5173,103.2884,104.7226,103.9322,114.1118,114.5658
AIM/CGE 2.0,SSP1-19,World,Emissions|CH4,Mt CH4/yr,,,,,,350.2723,,,,,368.1046,,,,,,374.4576,,129.1583,,96.8493,,72.1649,,61.704,,57.2134,,53.0908,,51.0139,,46.98
AIM/CGE 2.0,SSP1-19,World,Emissions|CH4|AFOLU,Mt CH4/yr,,,,,,169.5857,,,,,179.5309,,,,,,189.7027,,93.4843,,72.9839,,55.7461,,49.7466,,47.33,,44.8234,,43.5865,,40.6235
AIM/CGE 2.0,SSP1-19,World,Agricultural Demand|Crops,million t DM/yr,,,,,,3254.9886,,,,,3489.8126,,,,,,3932.3218,,4305.8723,,4622.3839,,4843.5291,,4945.6105,,4961.4156,,4876.1981,,4703.03,,4439.7738
AIM/CGE 2.0,SSP1-19,World,Agricultural Demand|Livestock,million t DM/yr,,,,,,182.8328,,,,,195.2943,,,,,,218.4346,,238.1449,,254.9404,,266.4401,,271.9541,,273.0258,,269.1877,,260.7863,,248.0497
AIM/CGE 2.0,SSP2-19,World,Emissions|CH4,Mt CH4/yr,,,,,,350.2723,,,,,371.5651,,,,,,382.4708,,153.5126,,120.0432,,98.4188,,92.3257,,91.6684,,91.157,,91.1737,,91.423
AIM/CGE 2.0,SSP2-19,World,Emissions|CH4|AFOLU,Mt CH4/yr,,,,,,169.5857,,,,,181.5943,,,,,,197.3551,,109.7343,,89.1707,,73.7326,,71.8572,,72.937,,73.7475,,74.6447,,75.4564
AIM/CGE 2.0,SSP2-19,World,Agricultural Demand|Crops,million t DM/yr,,,,,,3254.9886,,,,,3496.4365,,,,,,3991.1089,,4429.1558,,4791.8769,,5083.477,,5313.3369,,5504.353,,5626.3495,,5688.1829,,5700.817
AIM/CGE 2.0,SSP2-19,World,Agricultural Demand|Livestock,million t DM/yr,,,,,,182.8328,,,,,197.3251,,,,,,225.9724,,249.3772,,268.664,,284.8439,,297.1428,,306.9125,,313.2624,,316.6126,,317.5342
AIM/CGE 2.1,CD-LINKS_NPi2020_400,World,Emissions|CH4,Mt CH4/yr,,,,,,344.031,,,,,365.1881,,,,,376.5834,384.626,253.3319,207.1768,173.6853,155.2763,133.7187,116.5122,118.4451,122.0508,125.8679,129.7341,131.7857,129.5205,128.9063,130.2725,131.1206,126.1078
AIM/CGE 2.1,CD-LINKS_NPi2020_400,World,Emissions|CH4|AFOLU,Mt CH4/yr,,,,,,167.6717,,,,,179.4996,,,,,189.7452,199.467,164.7312,144.0389,126.9918,117.4147,105.0046,94.8671,97.5437,101.1924,104.8786,108.5089,110.8087,110.0146,110.2309,111.743,112.8081,109.6214
AIM/CGE 2.1,EMF33_WB2C_cost100,World,Emissions|CH4,Mt CH4/yr,,,,,,344.031,,,,,367.0774,,,,,380.0922,385.1259,246.8235,204.6863,166.0879,155.2685,148.7757,143.9263,148.4341,144.6245,137.5485,128.5216,133.3383,137.9996,142.3409,146.2101,149.5124,152.4738
AIM/CGE 2.1,EMF33_WB2C_cost100,World,Agricultural Demand,million t DM/yr,,,,,,3501.0726,,,,,3765.3982,,,,,4039.7889,4327.1669,4600.1275,4942.3812,5826.8493,6917.9748,7766.1607,8281.8087,8784.0497,9696.3018,10535.7598,10825.021,11092.8986,11405.8619,11701.1472,11991.3935,12251.4049,12531.0665
AIM/CGE 2.1,TERL_15D_LowCarbonTransportPolicy,World,Emissions|CH4,Mt CH4/yr,,,,,,344.031,,,,,366.2435,,,,,381.6135,392.8793,254.0004,200.0049,165.4926,158.092,155.5761,156.237,168.1639,172.0967,173.7974,173.3518,169.8498,167.3125,160.6825,152.622,140.068,137.2885
AIM/CGE 2.1,TERL_15D_LowCarbonTransportPolicy,World,Emissions|CH4|AFOLU,Mt CH4/yr,,,,,,167.6717,,,,,179.4562,,,,,190.5778,201.6504,168.721,145.7908,128.0201,123.9474,122.7578,123.5266,132.2198,136.4148,139.0675,140.1817,139.1622,138.4923,134.9524,130.1989,121.9929,120.3372
AIM/CGE 2.1,TERL_15D_LowCarbonTransportPolicy,World,Agricultural Demand,million t DM/yr,,,,,,3501.0726,,,,,3764.3687,,,,,4033.4012,4317.5227,4603.6493,5000.649,6300.3686,7466.0859,8482.8317,9200.5757,9874.6897,10942.9698,12089.2262,12743.2892,13125.0062,13450.8331,13490.7567,13339.6476,12794.9621,12593.1923
AIM/CGE 2.1,TERL_15D_NoTransportPolicy,World,Emissions|CH4,Mt CH4/yr,,,,,,344.031,,,,,366.875,,,,,380.554,383.3913,250.1888,197.8332,163.641,155.6671,152.2362,151.658,162.057,164.7599,164.7631,161.3174,156.9471,152.6208,145.2142,136.2417,121.0779,116.2661
AIM/CGE 2.1,TERL_15D_NoTransportPolicy,World,Emissions|CH4|AFOLU,Mt CH4/yr,,,,,,167.6717,,,,,179.4746,,,,,189.8957,198.2696,167.0327,144.4214,126.7034,122.2097,120.3792,120.2783,128.0824,131.461,132.9614,132.0503,130.2582,128.2423,123.9413,118.2435,107.664,104.2804
AIM/CGE 2.1,TERL_15D_NoTransportPolicy,World,Agricultural Demand,million t DM/yr,,,,,,3501.0726,,,,,3765.7267,,,,,4037.9015,4328.7166,4633.7177,5094.331,6478.634,7669.8251,8665.7268,9353.9234,10040.0199,11111.5617,12246.8564,12847.6128,13241.8175,13413.5476,13272.5207,12874.0727,11746.5809,11092.9712
C-ROADS-5.005,Ratchet-1.5-allCDR,World,Emissions|CH4,Mt CH4/yr,,,,,,312.093,,,,,327.403,,,,,345.888,348.559,354.157,349.398,297.596,256.084,222.469,195.215,184.926,177.313,168.124,158.935,148.253,137.57,133.613,129.656,126.23,122.804
C-ROADS-5.005,Ratchet-1.5-limCDR,World,Emissions|CH4,Mt CH4/yr,,,,,,312.093,,,,,327.403,,,,,345.888,346.942,351.864,285.112,244.899,221.588,206.618,191.803,184.558,177.313,168.124,158.935,148.253,137.57,133.613,129.656,126.23,122.804
C-ROADS-5.005,Ratchet-1.5-limCDR-noOS,World,Emissions|CH4,Mt CH4/yr,,,,,,312.093,,,,,327.403,,,,,345.888,346.802,301.474,260.01,240.722,221.434,206.618,191.803,184.558,177.313,168.124,158.935,148.253,137.57,133.613,129.656,126.23,122.804
C-ROADS-5.005,Ratchet-1.5-noCDR,World,Emissions|CH4,Mt CH4/yr,,,,,,312.093,,,,,327.403,,,,,345.888,346.942,351.864,260.241,240.722,221.434,206.618,191.803,184.558,177.313,168.124,158.935,148.253,137.57,133.613,129.656,126.23,122.804
C-ROADS-5.005,Ratchet-1.5-noCDR-noOS,World,Emissions|CH4,Mt CH4/yr,,,,,,312.093,,,,,327.403,,,,,345.888,346.802,293.161,260.01,240.722,221.434,206.618,191.803,184.558,177.313,168.124,158.935,148.253,137.57,133.613,129.656,126.23,122.804
GCAM 4.2,SSP1-19,World,Emissions|CH4,Mt CH4/yr,,,,,,342.8075827,,,,,368.2888156,,,,,,342.1350407,,277.9403921,,256.7489828,,222.8661704,,194.8873202,,167.9866514,,152.4607167,,138.8806463,,125.4224859
GCAM 4.2,SSP1-19,World,Emissions|CH4|AFOLU,Mt CH4/yr,,,,,,163.0791555,,,,,175.1418408,,,,,,173.107012,,156.6939664,,149.7880437,,144.8005983,,135.8050158,,123.5258334,,117.4353323,,110.2620286,,102.1475953
GCAM 4.2,SSP1-19,World,Agricultural Demand|Crops,million t DM/yr,,,,,,3004.498417,,,,,3256.111096,,,,,,3574.199153,,3800.291333,,3936.965813,,3994.691216,,3955.932082,,3826.716715,,3627.639847,,3359.300109,,3028.986308
GCAM 4.2,SSP1-19,World,Agricultural Demand|Livestock,million t DM/yr,,,,,,154.5804507,,,,,168.4390523,,,,,,204.9853889,,232.5562289,,257.0994879,,277.3734783,,288.3362437,,287.878862,,280.0086541,,266.4079784,,246.129578
GCAM 4.2,SSP2-19,World,Emissions|CH4,Mt CH4/yr,,,,,,342.8075827,,,,,368.2888152,,,,,,371.0505116,,338.4892352,,327.7534693,,324.4300349,,315.9192917,,308.1095954,,297.6645652,,286.2550399,,273.3582653
GCAM 4.2,SSP2-19,World,Emissions|CH4|AFOLU,Mt CH4/yr,,,,,,163.0791555,,,,,175.1418408,,,,,,193.0740847,,200.5752223,,215.2490204,,230.1660498,,234.7074991,,238.906476,,241.6005861,,239.2523677,,233.0802514
GCAM 4.2,SSP2-19,World,Agricultural Demand|Crops,million t DM/yr,,,,,,3004.498417,,,,,3256.111096,,,,,,3674.592037,,4075.653592,,4435.336426,,4736.603042,,4850.958365,,4882.383936,,4847.29413,,4728.617273,,4543.112148
GCAM 4.2,SSP2-19,World,Agricultural Demand|Livestock,million t DM/yr,,,,,,154.5804507,,,,,168.4390523,,,,,,200.2721654,,226.3947676,,245.5368123,,260.6831057,,262.7410662,,261.6406176,,255.7775754,,246.3454163,,233.9938775
GCAM 4.2,SSP5-19,World,Emissions|CH4,Mt CH4/yr,,,,,,342.8075827,,,,,368.2888156,,,,,,364.1441545,,308.9697181,,296.1525943,,285.9355527,,272.1494452,,256.5094902,,237.1462421,,215.9899675,,191.8524083
GCAM 4.2,SSP5-19,World,Emissions|CH4|AFOLU,Mt CH4/yr,,,,,,163.0791555,,,,,175.1418408,,,,,,187.3081003,,181.7640454,,185.4817534,,186.1726005,,178.0334038,,170.388386,,166.4806813,,158.894124,,150.4176661
GCAM 4.2,SSP5-19,World,Agricultural Demand|Crops,million t DM/yr,,,,,,3004.498417,,,,,3256.111096,,,,,,3649.818759,,4024.404811,,4339.989453,,4528.401558,,4508.889018,,4417.76636,,4302.456218,,4073.893663,,3778.951148
GCAM 4.2,SSP5-19,World,Agricultural Demand|Livestock,million t DM/yr,,,,,,154.5804507,,,,,168.4390523,,,,,,199.6983927,,225.5351999,,239.8185391,,248.0019641,,245.582287,,239.8950865,,234.3090385,,222.1030736,,207.129193
IMAGE 3.0.1,ADVANCE_2020_1.5C-2100,World,Emissions|CH4,Mt CH4/yr,,,,,,319.9992981,,,,,350.5751038,,,,,352.2573853,362.791687,292.8286133,258.6679077,232.8972931,216.1535034,206.2848969,198.852005,192.9134979,186.9315948,183.800705,181.3162994,179.8088989,178.256897,175.7006989,172.7427063,169.2254944,166.1389008
IMAGE 3.0.1,ADVANCE_2020_1.5C-2100,World,Emissions|CH4|AFOLU,Mt CH4/yr,,,,,,154.7816857,,,,,165.7603805,,,,,167.1808727,173.3462946,158.551518,147.7176967,139.64732,131.2414782,126.8026571,123.5074482,120.7350919,116.909164,115.5689549,114.3711698,113.8169811,113.2277303,112.1502658,111.0468582,109.5523926,108.3800514
IMAGE 3.0.1,CD-LINKS_NPi2020_400,World,Emissions|CH4,Mt CH4/yr,,,,,,319.0846863,,,,,348.8815002,,,,,367.8930969,379.6402893,299.1119995,266.6601868,239.7713013,218.902298,208.1320953,204.222702,,186.9951019,,181.3023071,,177.8509979,,172.8894958,,166.1309052
IMAGE 3.0.1,CD-LINKS_NPi2020_400,World,Emissions|CH4|AFOLU,Mt CH4/yr,,,,,,154.106974,,,,,164.2250139,,,,,170.3788244,175.246506,154.6097932,146.8371699,139.1482645,130.9825073,127.5229504,129.0132082,,117.1282852,,114.6845189,,113.2351636,,111.350996,,108.4788181
IMAGE 3.0.1,IMA15-AGInt,World,Emissions|CH4,Mt CH4/yr,,,,,,318.9356995,,,,,349.4858093,,,,,369.9284973,314.9157104,265.4068909,231.2201996,205.6660004,188.8182983,177.2843933,166.652298,,163.7588959,,154.3757935,,147.1759033,,139.8847961,,134.0643005
IMAGE 3.0.1,IMA15-AGInt,World,Emissions|CH4|AFOLU,Mt CH4/yr,,,,,,153.8350174,,,,,164.7452599,,,,,170.4834156,154.8023061,137.973613,124.8040773,114.1505788,105.799962,98.90724897,91.78655863,,92.76025128,,86.28629017,,83.07413554,,80.01850134,,77.57994682
IMAGE 3.0.1,IMA15-AGInt,World,Agricultural Demand,million t DM/yr,,,,,,3228.591,,,,,3610.173,,,,,3980.016,4284.598,4465.311,4659.122,4835.036,5087.696,5479.379,6552.2,,8852.564,,9600.157,,10547.2,,10622.99,,11395.87
IMAGE 3.0.1,IMA15-AGInt,World,Agricultural Demand|Crops,million t DM/yr,,,,,,2923.251938,,,,,3242.273,,,,,3537.924875,3833.618125,4060.014375,4286.43325,4410.571,4534.712375,4658.8585,4783.008625,,4851.077125,,4919.149375,,4987.225375,,5055.306125,,5123.392125
IMAGE 3.0.1,IMA15-AGInt,World,Agricultural Demand|Livestock,million t DM/yr,,,,,,238.9864756,,,,,262.4407471,,,,,283.9434111,305.445834,322.8853643,340.3250156,351.4770381,362.6292012,373.7814111,384.9335049,,390.519543,,396.1056035,,401.6917197,,407.2778623,,412.8640205
IMAGE 3.0.1,IMA15-Def,World,Emissions|CH4,Mt CH4/yr,,,,,,318.9750061,,,,,349.4736938,,,,,369.8725891,320.1242065,279.6384888,245.5063934,221.0861969,212.7649994,212.7321014,195.4833069,,181.2756042,,176.7124023,,173.1941986,,166.8058014,,160.4786987
IMAGE 3.0.1,IMA15-Def,World,Emissions|CH4|AFOLU,Mt CH4/yr,,,,,,153.8743876,,,,,164.7331333,,,,,170.4275726,160.0110368,152.4244184,140.8778374,132.5731564,132.0669525,135.2278442,121.6424365,,111.8497711,,109.9168547,,108.816371,,106.6352513,,104.108151
IMAGE 3.0.1,IMA15-Def,World,Agricultural Demand,million t DM/yr,,,,,,3228.591,,,,,3610.167,,,,,3990.717,4306.007,4506.025,4746.015,5550.671,7335.661,9023.198,9961,,10721.69,,11348.73,,11931.11,,12451.39,,12920.84
IMAGE 3.0.1,IMA15-Def,World,Agricultural Demand|Crops,million t DM/yr,,,,,,2923.251375,,,,,3242.267438,,,,,3548.624938,3855.026625,4100.723125,4346.45475,4497.17325,4647.9145,4798.672125,4949.452375,,5033.363375,,5117.298875,,5201.25525,,5285.235625,,5369.239375
IMAGE 3.0.1,IMA15-Def,World,Agricultural Demand|Livestock,million t DM/yr,,,,,,238.9864756,,,,,262.4407471,,,,,283.9434111,305.445834,322.8853643,340.3250156,351.4770381,362.6292012,373.7814111,384.9335049,,390.519543,,396.1056035,,401.6917197,,407.2778623,,412.8640205
IMAGE 3.0.1,IMA15-Eff,World,Emissions|CH4,Mt CH4/yr,,,,,,318.9749146,,,,,349.4631958,,,,,368.4660034,318.0108948,278.0000916,244.0800018,219.5726013,206.1560974,209.2241974,196.8027954,,179.1640015,,174.6118011,,171.5823059,,165.6878967,,159.9508972
IMAGE 3.0.1,IMA15-Eff,World,Emissions|CH4|AFOLU,Mt CH4/yr,,,,,,153.8785098,,,,,164.7369831,,,,,170.4174826,159.9222077,152.4365435,140.8729866,132.6626656,127.9626963,134.4607918,125.4840882,,112.0046291,,109.988699,,109.0717409,,106.5241079,,104.0598136
IMAGE 3.0.1,IMA15-Eff,World,Agricultural Demand,million t DM/yr,,,,,,3228.592,,,,,3610.168,,,,,3988.415,4294.583,4486.598,4698.136,5127.107,6694,8547.529,9727.168,,10662.41,,11429.22,,11980.43,,12272.93,,12778.91
IMAGE 3.0.1,IMA15-Eff,World,Agricultural Demand|Crops,million t DM/yr,,,,,,2923.251375,,,,,3242.267438,,,,,3548.624938,3855.026625,4100.723125,4346.45475,4497.17325,4647.9145,4798.672125,4949.452375,,5033.363375,,5117.298875,,5201.25525,,5285.235625,,5369.239375
IMAGE 3.0.1,IMA15-Eff,World,Agricultural Demand|Livestock,million t DM/yr,,,,,,238.9864756,,,,,262.4407471,,,,,283.9434111,305.445834,322.8853643,340.3250156,351.4770381,362.6292012,373.7814111,384.9335049,,390.519543,,396.1056035,,401.6917197,,407.2778623,,412.8640205
IMAGE 3.0.1,IMA15-LiStCh,World,Emissions|CH4,Mt CH4/yr,,,,,,319.0733032,,,,,349.6984863,,,,,366.2359009,311.0013123,259.7609863,218.9203033,189.0666962,167.9315948,152.8610992,138.7814941,,134.7106934,,130.2879028,,125.196701,,117.4011002,,112.2462006
IMAGE 3.0.1,IMA15-LiStCh,World,Emissions|CH4|AFOLU,Mt CH4/yr,,,,,,153.8771609,,,,,164.7448163,,,,,167.5088297,152.7242868,134.3664407,114.1733022,98.53668272,85.50758034,74.64631927,64.32489443,,64.27024889,,62.21065032,,61.24737501,,57.99552488,,56.12450576
IMAGE 3.0.1,IMA15-LiStCh,World,Agricultural Demand,million t DM/yr,,,,,,3228.595,,,,,3610.165,,,,,3909.938,4154.61,4180.845,4215.606,4212.385,4280.638,4471.216,4712.971,,6024.147,,6959.408,,8114.996,,8876.769,,9083.603
IMAGE 3.0.1,IMA15-LiStCh,World,Agricultural Demand|Crops,million t DM/yr,,,,,,2923.251375,,,,,3242.2675,,,,,3469.244188,3686.312063,3769.999375,3855.759875,3858.064,3861.036875,3861.3115,3856.896875,,3910.63575,,3962.723438,,4013.93575,,4063.2875,,4111.2955
IMAGE 3.0.1,IMA15-LiStCh,World,Agricultural Demand|Livestock,million t DM/yr,,,,,,238.9864756,,,,,262.4407471,,,,,278.6297305,294.6490254,291.5897559,288.5542158,280.4535586,272.3834658,263.9523506,254.8418184,,260.8204209,,265.3600928,,268.7272656,,271.0985635,,272.8265869
IMAGE 3.0.1,IMA15-LoNCO2,World,Emissions|CH4,Mt CH4/yr,,,,,,318.9718933,,,,,349.4919128,,,,,356.8510132,314.5011902,273.4981079,248.3204041,230.0357056,196.7158966,167.2613068,141.8312988,,114.3889999,,92.63202667,,78.20107269,,65.53341675,,50.82067108
IMAGE 3.0.1,IMA15-LoNCO2,World,Emissions|CH4|AFOLU,Mt CH4/yr,,,,,,153.871236,,,,,164.7513205,,,,,163.1145058,161.6168807,150.2420869,141.4715199,136.5340781,114.3495445,91.99480391,72.58986187,,56.9102124,,44.9479785,,40.88949919,,37.76549765,,31.54782391
IMAGE 3.0.1,IMA15-LoNCO2,World,Agricultural Demand,million t DM/yr,,,,,,3228.591,,,,,3610.167,,,,,3989.311,4302.71,4500.825,4711.97,4912.661,4946.633,5105.351,5296.681,,5951.132,,6620.521,,7283.527,,8509.234,,8747.399
IMAGE 3.0.1,IMA15-LoNCO2,World,Agricultural Demand|Crops,million t DM/yr,,,,,,2923.251375,,,,,3242.2675,,,,,3547.356188,3852.0415,4096.00475,4339.925125,4488.98525,4441.985,4376.17975,4291.83025,,4378.626063,,4466.170625,,4553.340875,,4639.156375,,4723.365125
IMAGE 3.0.1,IMA15-LoNCO2,World,Agricultural Demand|Livestock,million t DM/yr,,,,,,238.9864756,,,,,262.4407471,,,,,283.8062324,305.1343184,322.407252,339.6808701,350.6881162,314.6729883,276.7799697,237.0055439,,241.7285234,,246.452417,,251.177084,,255.9027197,,260.6290762
IMAGE 3.0.1,IMA15-Pop,World,Emissions|CH4,Mt CH4/yr,,,,,,318.9718933,,,,,349.4919128,,,,,368.8070068,317.0992126,274.9090881,240.7082977,216.6840973,200.6607056,190.2355957,183.2994995,,174.6118927,,162.079895,,154.3961945,,144.6840057,,135.1316986
IMAGE 3.0.1,IMA15-Pop,World,Emissions|CH4|AFOLU,Mt CH4/yr,,,,,,153.871236,,,,,164.7513205,,,,,169.9356413,158.3958338,149.6879678,137.1158943,128.5773851,122.2295306,116.9383612,114.0756104,,110.9223506,,102.7019536,,99.75348067,,95.09796029,,90.40780473
IMAGE 3.0.1,IMA15-Pop,World,Agricultural Demand,million t DM/yr,,,,,,3228.591,,,,,3610.167,,,,,3980.91,4275.9,4450.064,4631.819,4803.445,5042.528,5701.854,7589.926,,9728.989,,10384.22,,11123.07,,11207.36,,11893.02
IMAGE 3.0.1,IMA15-Pop,World,Agricultural Demand|Crops,million t DM/yr,,,,,,2923.251375,,,,,3242.2675,,,,,3539.524563,3826.998625,4048.680375,4264.92225,4387.55725,4508.16025,4625.316375,4738.73875,,4754.736,,4762.4565,,4756.28275,,4727.45625,,4671.547
IMAGE 3.0.1,IMA15-Pop,World,Agricultural Demand|Livestock,million t DM/yr,,,,,,238.9864756,,,,,262.4407471,,,,,283.2908975,303.4555576,319.20671,334.5952461,343.8507451,352.9843359,361.8615811,370.4314941,,371.2280166,,371.1709287,,369.7242666,,365.83896,,359.161666
IMAGE 3.0.1,IMA15-RenElec,World,Emissions|CH4,Mt CH4/yr,,,,,,318.9620972,,,,,349.6081848,,,,,368.4153137,316.9899902,276.5062866,243.7332001,219.1062927,201.6298065,193.0890045,190.1656952,,183.395401,,176.7391052,,169.5074005,,162.4765015,,156.6096039
IMAGE 3.0.1,IMA15-RenElec,World,Emissions|CH4|AFOLU,Mt CH4/yr,,,,,,153.8650461,,,,,164.7372231,,,,,170.4397177,159.9346756,152.6239228,142.0925436,132.7188807,125.9807503,120.3281524,119.8234551,,115.5812755,,112.5378523,,109.5195985,,106.6217687,,104.2940775
IMAGE 3.0.1,IMA15-RenElec,World,Agricultural Demand,million t DM/yr,,,,,,3228.595,,,,,3610.176,,,,,3989.649,4311.059,4675.566,4858.742,4884.066,5050.331,5750.231,7129.261,,8652.509,,10184.61,,11101.1,,11665.33,,12137.36
IMAGE 3.0.1,IMA15-RenElec,World,Agricultural Demand|Crops,million t DM/yr,,,,,,2923.251375,,,,,3242.267438,,,,,3548.624938,3855.026625,4100.723125,4346.45475,4497.17325,4647.9145,4798.672125,4949.452375,,5033.363375,,5117.298875,,5201.25525,,5285.235625,,5369.239375
IMAGE 3.0.1,IMA15-RenElec,World,Agricultural Demand|Livestock,million t DM/yr,,,,,,238.9864756,,,,,262.4407471,,,,,283.9434111,305.445834,322.8853643,340.3250156,351.4770381,362.6292012,373.7814111,384.9335049,,390.519543,,396.1056035,,401.6917197,,407.2778623,,412.8640205
IMAGE 3.0.1,IMA15-TOT,World,Emissions|CH4,Mt CH4/yr,,,,,,319.0401001,,,,,349.8147888,,,,,350.8760071,300.1694946,240.4588013,202.0180969,174.3081055,141.5061035,120.6934967,106.7763977,,85.87399292,,68.70561981,,55.36536026,,43.85105896,,33.51420975
IMAGE 3.0.1,IMA15-TOT,World,Emissions|CH4|AFOLU,Mt CH4/yr,,,,,,153.851634,,,,,164.749709,,,,,161.0274242,150.3923236,121.9575669,104.6294346,89.76291704,71.0890252,56.36614352,47.96006495,,37.59612811,,29.96846533,,27.17832172,,24.09321153,,21.07258486
IMAGE 3.0.1,IMA15-TOT,World,Agricultural Demand,million t DM/yr,,,,,,3228.599,,,,,3610.181,,,,,3941.712,4208.693,4399.723,4369.887,4147.409,4010.592,3900.405,3798.905,,3854.929,,3910.064,,3964.178,,4017.084,,4068.946
IMAGE 3.0.1,IMA15-TOT,World,Agricultural Demand|Crops,million t DM/yr,,,,,,2923.251938,,,,,3242.273,,,,,3508.445688,3774.65675,3857.2195,3939.792,3855.162875,3770.520875,3685.869375,3601.206875,,3655.095938,,3708.997938,,3762.91175,,3816.836188,,3870.773938
IMAGE 3.0.1,IMA15-TOT,World,Agricultural Demand|Livestock,million t DM/yr,,,,,,238.9864756,,,,,262.4407471,,,,,278.1191279,293.0076289,288.506668,283.7417217,274.0208271,240.0707842,214.5355415,197.6978472,,199.8319175,,201.0655229,,201.2665356,,200.2477788,,198.1715376
IMAGE 3.0.1,SSP1-19,World,Emissions|CH4,Mt CH4/yr,,,,,,318.3976135,,,,,347.8606873,,,,,,299.868988,,215.3845978,,178.9149933,,153.4219971,,144.2115936,,135.865799,,125.721199,,117.0791016,,109.7001038
IMAGE 3.0.1,SSP1-19,World,Emissions|CH4|AFOLU,Mt CH4/yr,,,,,,153.5838779,,,,,164.3500378,,,,,,152.9489651,,122.5556087,,106.0790319,,86.35182709,,82.00264704,,78.37832034,,74.40712166,,70.34221208,,66.40874946
IMAGE 3.0.1,SSP1-19,World,Agricultural Demand|Crops,million t DM/yr,,,,,,3389.946625,,,,,3780.159,,,,,,4330.961,,4764.79075,,5110.12425,,5455.82925,,5464.465625,,5473.166625,,5481.933875,,5490.764875,,5499.663
IMAGE 3.0.1,SSP1-19,World,Agricultural Demand|Livestock,million t DM/yr,,,,,,218.3084219,,,,,237.9440469,,,,,,260.156625,,271.06075,,269.5215625,,268.0021875,,259.7557656,,251.5066875,,243.2546563,,234.9996406,,226.741375
MERGE-ETL 6.0,DAC15_50,World,Emissions|CH4,Mt CH4/yr,373.9,,,,,400.1,,,,,487.9,,,,,,371.6,,370,,404.5,,446.5,,448.9,,435.7,,417.4,,399.6,,395.6
MERGE-ETL 6.0,DAC15_50,World,Emissions|CH4|AFOLU,Mt CH4/yr,225.1,,,,,230.3,,,,,310.1,,,,,,255.2,,309.5,,375.2,,428.1,,435.5,,423.1,,404.2,,381,,353.9
MESSAGE-GLOBIOM 1.0,ADVANCE_2020_1.5C-2100,World,Emissions|CH4,Mt CH4/yr,,,,,,334.3593013,,,,,325.2874122,,,,,,328.0874022,,238.4159108,,198.3838002,,169.9635342,,147.5468773,,128.9345015,,115.8014905,,106.1449909,,100.1527522
MESSAGE-GLOBIOM 1.0,ADVANCE_2020_1.5C-2100,World,Emissions|CH4|AFOLU,Mt CH4/yr,,,,,,147.7614517,,,,,149.3938373,,,,,,152.6364363,,132.5963759,,115.5970121,,101.5895001,,90.4038877,,82.7180746,,77.4763653,,73.6130721,,70.4899464
MESSAGE-GLOBIOM 1.0,ADVANCE_2030_Price1.5C,World,Emissions|CH4,Mt CH4/yr,,,,,,334.3625082,,,,,325.2941294,,,,,,328.1057712,,332.3667613,,221.7231401,,180.4968821,,157.1833841,,135.3510474,,120.6460604,,109.8018172,,103.0178646
MESSAGE-GLOBIOM 1.0,ADVANCE_2030_Price1.5C,World,Emissions|CH4|AFOLU,Mt CH4/yr,,,,,,147.7614517,,,,,149.3938373,,,,,,152.6369521,,156.2355406,,132.6900112,,113.8492749,,99.2966524,,89.4654407,,82.7573967,,77.7188018,,73.8847349
MESSAGE-GLOBIOM 1.0,EMF33_1.5C_cost100,World,Emissions|CH4,Mt CH4/yr,309.867575,,,,,333.8354335,,,,,326.4455547,,,,,,331.4878239,,224.5780054,,197.0140409,,168.0186638,,142.6263601,,126.6057516,,114.496157,,105.5538177,,99.29846126
MESSAGE-GLOBIOM 1.0,EMF33_1.5C_cost100,World,Agricultural Demand,million t DM/yr,2747.484375,,,,,3417.017822,,,,,4119.479492,,,,,,4886.401367,,7033.269043,,8434.297852,,10312.38672,,11776.53125,,12965.71875,,13944.0918,,14657.37598,,15190.45996
MESSAGE-GLOBIOM 1.0,EMF33_1.5C_full,World,Emissions|CH4,Mt CH4/yr,309.867575,,,,,333.8354335,,,,,326.4455547,,,,,,331.4878239,,223.9033734,,196.9544085,,168.3147399,,142.843124,,126.7981385,,114.7070285,,105.6974229,,99.49615553
MESSAGE-GLOBIOM 1.0,EMF33_1.5C_full,World,Agricultural Demand,million t DM/yr,2747.484375,,,,,3417.017822,,,,,4119.479492,,,,,,4886.401367,,7181.723633,,8606.592773,,10431.04688,,11855.67285,,13016.50391,,13975.14258,,14674.40039,,15199.66992
MESSAGE-GLOBIOM 1.0,EMF33_WB2C_cost100,World,Emissions|CH4,Mt CH4/yr,309.867575,,,,,333.8354335,,,,,326.4455547,,,,,,331.4878239,,261.3279267,,237.8594011,,210.5835125,,198.5356153,,184.735989,,162.3327732,,137.6637771,,120.3560505
MESSAGE-GLOBIOM 1.0,EMF33_WB2C_cost100,World,Agricultural Demand,million t DM/yr,2747.484375,,,,,3417.017822,,,,,4119.479492,,,,,,4886.401367,,6396.035156,,7569.991211,,8835.308594,,10662.65234,,12157.97461,,13497.0957,,14413.92969,,15026.53711
MESSAGE-GLOBIOM 1.0,EMF33_WB2C_full,World,Emissions|CH4,Mt CH4/yr,309.867575,,,,,333.8354335,,,,,326.4455547,,,,,,331.4878239,,260.5070902,,236.3950716,,210.1247163,,198.3632931,,185.5096317,,164.0954546,,139.2372774,,121.0537741
MESSAGE-GLOBIOM 1.0,EMF33_WB2C_full,World,Agricultural Demand,million t DM/yr,2747.484375,,,,,3417.017822,,,,,4119.479492,,,,,,4886.401367,,6396.12793,,7620.844727,,9072.056641,,10821.81445,,12261.37598,,13572.29492,,14460.26465,,15054.12012
MESSAGE-GLOBIOM 1.0,EMF33_WB2C_limbio,World,Emissions|CH4,Mt CH4/yr,309.867575,,,,,333.8354335,,,,,326.4455547,,,,,,331.4878239,,240.182475,,221.2493217,,199.1787668,,184.5142018,,165.0836513,,142.0829691,,124.5979196,,116.7264262
MESSAGE-GLOBIOM 1.0,EMF33_WB2C_limbio,World,Agricultural Demand,million t DM/yr,2747.484375,,,,,3417.017822,,,,,4119.479492,,,,,,4886.401367,,5962.367188,,7254.487305,,8520.03418,,9630.401367,,9812.130859,,10056.54102,,10225.72266,,10226.20703
MESSAGE-GLOBIOM 1.0,EMF33_WB2C_nofuel,World,Emissions|CH4,Mt CH4/yr,309.867575,,,,,333.8354335,,,,,326.4455547,,,,,,331.4878239,,259.462325,,236.6506232,,210.1336181,,195.6251076,,178.8570228,,155.512494,,133.8674389,,122.5058295
MESSAGE-GLOBIOM 1.0,EMF33_WB2C_nofuel,World,Agricultural Demand,million t DM/yr,2747.484375,,,,,3417.017822,,,,,4119.479492,,,,,,4886.401367,,6395.855957,,7620.570801,,8893.623047,,10702.84668,,12192.4082,,13515.77539,,14369.79297,,15006.33203
MESSAGE-GLOBIOM 1.0,SSP1-19,World,Emissions|CH4,Mt CH4/yr,,,,,,334.2333486,,,,,325.3495192,,,,,,299.139266,,231.4520982,,190.4762925,,161.8234603,,145.1728558,,127.6310142,,106.4016657,,86.75182576,,72.4267456
MESSAGE-GLOBIOM 1.0,SSP1-19,World,Emissions|CH4|AFOLU,Mt CH4/yr,,,,,,146.8904091,,,,,148.4032387,,,,,,128.3761484,,118.3502602,,109.1155505,,98.65384911,,88.36433242,,78.96356688,,69.94485423,,62.04913226,,54.7607928
MESSAGE-GLOBIOM 1.0,SSP1-19,World,Agricultural Demand|Crops,million t DM/yr,,,,,,2562.601266,,,,,2743.381807,,,,,,3018.34335,,3263.24624,,3427.601202,,3466.053075,,3395.315685,,3247.697158,,3022.739726,,2764.141326,,2477.384192
MESSAGE-GLOBIOM 1.0,SSP1-19,World,Agricultural Demand|Livestock,million t DM/yr,,,,,,198.2202631,,,,,213.9095799,,,,,,232.8905464,,250.9900867,,263.6129747,,265.8271916,,258.8772589,,246.1837872,,227.2305568,,207.5081231,,184.8315956
MESSAGE-GLOBIOM 1.0,SSP2-19,World,Emissions|CH4,Mt CH4/yr,,,,,,334.2594117,,,,,325.8025452,,,,,,329.6535424,,267.6575185,,219.9274489,,192.0422204,,169.0659854,,146.7248379,,127.4541507,,112.9989254,,103.2371543
MESSAGE-GLOBIOM 1.0,SSP2-19,World,Emissions|CH4|AFOLU,Mt CH4/yr,,,,,,146.8902395,,,,,149.5483113,,,,,,151.9378312,,151.2333454,,132.0422178,,115.8344,,102.1010052,,92.03323154,,83.27174132,,75.61662043,,68.89856018
MESSAGE-GLOBIOM 1.0,SSP2-19,World,Agricultural Demand|Crops,million t DM/yr,,,,,,2562.601266,,,,,2743.381807,,,,,,3240.968703,,3680.531207,,3835.749663,,3776.165098,,3565.781095,,3431.014635,,3261.283723,,3089.132872,,2903.320664
MESSAGE-GLOBIOM 1.0,SSP2-19,World,Agricultural Demand|Livestock,million t DM/yr,,,,,,198.2202631,,,,,213.9095799,,,,,,252.2111033,,287.3605734,,294.3432621,,285.1414042,,266.8705547,,253.8379654,,239.8082125,,224.3476459,,208.2485161
MESSAGEix-GLOBIOM 1.0,CD-LINKS_NPi2020_400,World,Emissions|CH4,Mt CH4/yr,309.8701575,,,,,334.5731747,,,,,327.9190606,,,,,,332.9138527,,264.3574061,,220.0847712,,181.4121838,,153.8849694,,128.6916569,,110.8551809,,98.00098417,,88.80182869
MESSAGEix-GLOBIOM 1.0,CD-LINKS_NPi2020_400,World,Emissions|CH4|AFOLU,Mt CH4/yr,146.1273329,,,,,148.4991876,,,,,150.8673484,,,,,,157.9573526,,137.16668,,116.9768229,,100.9320312,,87.47274908,,76.29986608,,68.40710106,,62.19536216,,57.12434922
MESSAGEix-GLOBIOM 1.0,LowEnergyDemand,World,Emissions|CH4,Mt CH4/yr,309.8701536,,,,,334.5731727,,,,,327.919068,,,,,,332.9353005,,220.5706407,,180.920245,,144.5045724,,127.7630361,,117.2521928,,109.2133823,,101.6837768,,94.27192984
MESSAGEix-GLOBIOM 1.0,LowEnergyDemand,World,Emissions|CH4|AFOLU,Mt CH4/yr,146.127329,,,,,148.4991856,,,,,150.8673558,,,,,,157.9207567,,114.7460852,,107.1515111,,101.6058017,,96.51845926,,92.00235266,,87.92285905,,83.55139375,,78.43189389
MESSAGEix-GLOBIOM 1.0,LowEnergyDemand,World,Agricultural Demand,million t DM/yr,2699.025287,,,,,3029.639412,,,,,3360.253536,,,,,,4141.051707,,4733.792604,,5197.489439,,5880.98154,,6905.90176,,7998.91819,,8630.448305,,9186.550067,,8899.77542
MESSAGEix-GLOBIOM 1.0,LowEnergyDemand,World,Agricultural Demand|Livestock,million t DM/yr,199.2038595,,,,,216.4760571,,,,,233.7482547,,,,,,278.3201184,,316.9525769,,351.2956336,,380.0743458,,402.1948469,,418.5712541,,430.8999407,,438.6791993,,440.6131879
POLES ADVANCE,ADVANCE_2020_1.5C-2100,World,Emissions|CH4,Mt CH4/yr,,,,,,313.298,,,,,339.2199048,,,,,359.4504048,361.2939524,245.491381,171.0883095,140.9825952,125.8315595,117.4318214,111.9305952,108.2852381,104.8598571,102.4049286,101.0631548,100.1924167,99.61209524,98.93804762,99.1157619,99.00848214,98.48836905
POLES ADVANCE,ADVANCE_2020_1.5C-2100,World,Emissions|CH4|AFOLU,Mt CH4/yr,,,,,,142.1919405,,,,,147.515869,,,,,152.1450238,157.1981667,130.9040119,105.021869,91.11034524,88.22389286,86.63818452,85.33520833,84.49579762,83.44344048,82.99304167,82.62289286,82.15297619,81.80593452,81.58585119,81.75982738,81.90366071,82.27276786
POLES ADVANCE,ADVANCE_2020_WB2C,World,Emissions|CH4,Mt CH4/yr,,,,,,313.298,,,,,339.2199048,,,,,359.4504048,361.2934048,271.7132381,222.707119,170.4979643,158.250619,148.4570357,139.66875,128.9414405,123.5554524,120.1060476,117.0839286,114.4850119,112.4952976,110.8967143,109.3439881,108.3533929,107.8409643
POLES ADVANCE,ADVANCE_2020_WB2C,World,Emissions|CH4|AFOLU,Mt CH4/yr,,,,,,142.1919405,,,,,147.515869,,,,,152.1450238,157.1981667,134.9890238,117.7245714,103.8859881,99.46016667,95.11477976,90.80205952,84.57925595,83.6404881,83.1095119,82.63324405,82.1816131,81.72408929,81.5225,81.26776786,81.11080952,81.05638095
POLES ADVANCE,ADVANCE_2030_1.5C-2100,World,Emissions|CH4,Mt CH4/yr,,,,,,313.298,,,,,339.2199048,,,,,359.4504048,361.2934048,329.9341667,300.1524286,162.3039762,122.9941071,112.7959286,108.0148214,103.0427857,100.8579286,98.60344048,97.58563095,96.83846429,96.35577976,96.32079762,96.70095238,96.45991667,97.492375
POLES ADVANCE,ADVANCE_2030_1.5C-2100,World,Emissions|CH4|AFOLU,Mt CH4/yr,,,,,,142.1919405,,,,,147.515869,,,,,152.1450238,157.1981667,149.3579167,140.3352976,106.4967381,88.72355952,86.7641131,85.6078631,84.53254762,83.51091071,83.04116667,82.56209524,82.21678571,81.8493631,81.66821429,82.21227976,82.86285119,84.22832143
POLES ADVANCE,ADVANCE_2030_Price1.5C,World,Emissions|CH4,Mt CH4/yr,,,,,,313.298,,,,,339.2199048,,,,,359.4504048,361.2934048,329.9222619,300.1060952,162.3526786,126.7424167,117.7755476,112.1360952,107.8937738,105.2257381,102.3573571,101.3274762,100.0639762,99.47572024,98.50902381,98.38022024,98.91184524,98.55145833
POLES ADVANCE,ADVANCE_2030_Price1.5C,World,Emissions|CH4|AFOLU,Mt CH4/yr,,,,,,142.1919405,,,,,147.515869,,,,,152.1450238,157.1981667,149.358,140.3351071,106.5406905,88.75775,86.76917262,85.24622024,84.31657738,83.62716071,83.01833929,82.67028571,82.16468452,81.82614286,81.53359524,81.4731369,82.15163095,82.52798214
POLES ADVANCE,ADVANCE_2030_WB2C,World,Emissions|CH4,Mt CH4/yr,,,,,,313.298,,,,,339.2199048,,,,,359.4504048,361.2934048,329.9222619,300.1060952,196.1800476,156.0414762,142.1761071,131.8115238,125.8980357,120.8209286,117.2107381,114.3183333,112.0913214,110.5584167,108.781631,107.4746786,106.564,106.1620714
POLES ADVANCE,ADVANCE_2030_WB2C,World,Emissions|CH4|AFOLU,Mt CH4/yr,,,,,,142.1919405,,,,,147.515869,,,,,152.1450238,157.1981667,149.358,140.3351071,113.157631,96.92586905,91.34889881,85.65309524,84.52657143,83.6361369,83.05543452,82.5839881,82.14232143,81.74179762,81.45729167,81.23847619,81.08757143,81.47327381
POLES CD-LINKS,CD-LINKS_NPi2020_400,World,Emissions|CH4,Mt CH4/yr,,,,,,258.7933655,,,,,279.5462646,,,,,291.7695313,303.4318237,233.7317657,165.8847046,143.2343903,131.5564728,120.3213577,107.448494,,101.0344467,,93.7618103,,86.67254639,,79.22040558,,71.24101257
POLES CD-LINKS,CD-LINKS_NPi2020_400,World,Emissions|CH4|AFOLU,Mt CH4/yr,,,,,,139.6531372,,,,,144.5749969,,,,,150.6513062,157.114212,128.9640503,95.23690033,82.40532684,75.90431213,73.59190369,71.21311188,,67.32432556,,64.01422882,,61.19441605,,58.68562698,,56.21268845
POLES EMF33,EMF33_1.5C_cost100,World,Emissions|CH4,Mt CH4/yr,284.259491,,,,,314.1384583,,,,,343.8916321,,,,,,375.3768311,,115.0240097,,65.14286041,,51.42163849,,46.95262527,,50.99066925,,48.87508774,,44.36619186,,42.20441818
POLES EMF33,EMF33_1.5C_full,World,Emissions|CH4,Mt CH4/yr,284.259491,,,,,314.1384583,,,,,343.8916321,,,,,,375.3703613,,123.5193405,,73.48992157,,54.68078613,,50.61959839,,50.26187134,,48.10387802,,45.73348236,,44.53190231
POLES EMF33,EMF33_1.5C_limbio,World,Emissions|CH4,Mt CH4/yr,284.259491,,,,,314.1384583,,,,,343.8916321,,,,,,373.7735901,,50.59660339,,42.19536209,,40.77045441,,39.21857834,,40.23221588,,43.09794617,,153.5674744,,109.5566025
POLES EMF33,EMF33_1.5C_nofuel,World,Emissions|CH4,Mt CH4/yr,284.259491,,,,,314.1384583,,,,,343.8916321,,,,,,375.3998718,,106.783989,,59.76476288,,49.08759689,,46.58490753,,45.97213745,,47.58251953,,46.96222687,,45.78271484
POLES EMF33,EMF33_WB2C_cost100,World,Emissions|CH4,Mt CH4/yr,284.259491,,,,,314.1384583,,,,,343.8916321,,,,,,375.3846436,,174.4975891,,138.8445129,,112.0702667,,94.55480957,,80.31273651,,70.11431885,,65.91842651,,59.92825317
POLES EMF33,EMF33_WB2C_full,World,Emissions|CH4,Mt CH4/yr,284.259491,,,,,314.1384583,,,,,343.8916321,,,,,,375.3781738,,175.7639313,,141.9909515,,116.0473633,,103.0827637,,88.95277405,,78.25027466,,70.4479599,,65.68466187
POLES EMF33,EMF33_WB2C_limbio,World,Emissions|CH4,Mt CH4/yr,284.259491,,,,,314.1384583,,,,,343.8916321,,,,,,375.3781738,,163.115097,,94.08628082,,65.15730286,,59.77733994,,57.36818695,,56.29887009,,57.2673378,,54.97441101
POLES EMF33,EMF33_WB2C_nobeccs,World,Emissions|CH4,Mt CH4/yr,284.259491,,,,,314.1384583,,,,,343.8916321,,,,,,375.3781738,,146.8921661,,71.64044189,,52.59869766,,49.78750229,,48.99025345,,48.07241058,,48.23132706,,46.61048508
POLES EMF33,EMF33_WB2C_nofuel,World,Emissions|CH4,Mt CH4/yr,284.259491,,,,,314.1384583,,,,,343.8916321,,,,,,375.4076843,,173.762558,,137.2565918,,111.0441589,,90.27865601,,73.65435028,,66.30830383,,60.96987915,,56.37373734
POLES EMF33,EMF33_WB2C_none,World,Emissions|CH4,Mt CH4/yr,284.259491,,,,,314.1384583,,,,,343.8916321,,,,,,375.4076843,,147.0410614,,69.5187912,,52.34429932,,49.16365051,,49.07574081,,49.1299057,,48.41558456,,47.52198029
REMIND 1.5,EMC_Def_100$,World,Emissions|CH4,Mt CH4/yr,,,,,,333.6149902,,,,,378.6830139,,,,,,324.3729858,,263.1019897,,251.973999,,234.0339966,,235.552002,,238.2120056,,235.3390045,,223.8350067,,209.2740021
REMIND 1.5,EMC_LimSW_100$,World,Emissions|CH4,Mt CH4/yr,,,,,,333.6149902,,,,,378.6830139,,,,,,325.7780151,,269.4299927,,259.8179932,,239.9190063,,240.7510071,,241.9750061,,237.9389954,,225.6620026,,210.279007
REMIND 1.5,EMC_NucPO_100$,World,Emissions|CH4,Mt CH4/yr,,,,,,333.6149902,,,,,378.6830139,,,,,,324.7619934,,266.5830078,,253.1600037,,233.4980011,,235.1759949,,237.9799957,,235.0359955,,223.6419983,,209.2109985
REMIND 1.5,EMC_lowEI_100$,World,Emissions|CH4,Mt CH4/yr,,,,,,333.6149902,,,,,378.6830139,,,,,,321.8070068,,260.4599915,,250.0110016,,232.1609955,,234.4830017,,237.8890076,,234.6629944,,223.5440063,,209.5449982
REMIND 1.7,ADVANCE_2020_1.5C-2100,World,Emissions|CH4,Mt CH4/yr,,,,,,332.0245,,,,,371.6206,,,,,415.5181,434.533,346.8484,286.589,252.2766,237.1888,227.5056,215.6869,215.7937,214.747,,210.266,,204.4167,,194.0988,,177.8057
REMIND 1.7,ADVANCE_2020_1.5C-2100,World,Emissions|CH4|AFOLU,Mt CH4/yr,,,,,,157.5003,,,,,181.6203,,,,,201.6234,211.0514,195.8673,195.9449,191.5795,187.6234,185.6153,181.1218,184.2896,185.3953,,184.5141,,180.9719,,172.7165,,158.6421
REMIND 1.7,ADVANCE_2030_1.5C-2100,World,Emissions|CH4,Mt CH4/yr,,,,,,332.0245,,,,,371.6206,,,,,415.5181,434.533,426.7044,418.5506,308.0111,255.8313,225.3647,212.1667,212.6921,211.7815,,208.2231,,202.7786,,192.906,,176.9758
REMIND 1.7,ADVANCE_2030_1.5C-2100,World,Emissions|CH4|AFOLU,Mt CH4/yr,,,,,,157.5003,,,,,181.6203,,,,,201.6234,211.0514,212.8148,215.9147,197.3672,190.0511,185.4164,181.1218,184.2896,185.3953,,184.5141,,180.9719,,172.7165,,158.6421
REMIND 1.7,ADVANCE_2030_Price1.5C,World,Emissions|CH4,Mt CH4/yr,,,,,,332.0245,,,,,371.6206,,,,,415.5181,434.533,426.7044,418.5506,314.9692,261.9516,230.0558,215.8953,215.8565,214.4241,,210.0245,,204.3472,,194.0656,,177.7911
REMIND 1.7,ADVANCE_2030_Price1.5C,World,Emissions|CH4|AFOLU,Mt CH4/yr,,,,,,157.5003,,,,,181.6203,,,,,201.6234,211.0514,212.8148,215.9147,197.509,190.5783,185.6153,181.1218,184.2896,185.3953,,184.5141,,180.9719,,172.7165,,158.6421
REMIND 1.7,CEMICS-1.5-CDR12,World,Emissions|CH4,Mt CH4/yr,,,,,,332.0245,,,,,377.0226,,,,,424.9628,404.2283,322.9083,263.1263,240.1074,229.5968,222.3753,213.0524,214.9325,214.3146,,209.3339,,201.8101,,190.9194,,175.3833
REMIND 1.7,CEMICS-1.5-CDR12,World,Emissions|CH4|AFOLU,Mt CH4/yr,,,,,,157.5003,,,,,181.6203,,,,,201.6234,204.5662,195.7558,192.2569,189.4602,187.0962,185.4164,181.1218,184.2896,185.3953,,184.5141,,180.9719,,172.7165,,158.6421
REMIND 1.7,CEMICS-1.5-CDR20,World,Emissions|CH4,Mt CH4/yr,,,,,,332.0245,,,,,377.0226,,,,,424.9628,404.2283,336.5464,290.0343,254.8483,239.1336,229.6189,219.5276,222.3637,223.4063,,219.1695,,209.8073,,195.3201,,176.3767
REMIND 1.7,CEMICS-1.5-CDR20,World,Emissions|CH4|AFOLU,Mt CH4/yr,,,,,,157.5003,,,,,181.6203,,,,,201.6234,204.5662,195.8921,196.0947,191.5795,187.8169,185.6153,181.1218,184.2896,185.3953,,184.5141,,180.9719,,172.7165,,158.6421
REMIND 1.7,CEMICS-1.5-CDR8,World,Emissions|CH4,Mt CH4/yr,,,,,,332.0245,,,,,377.0226,,,,,424.9628,404.2283,309.1113,252.5066,230.0036,222.0668,215.8972,206.7149,208.6552,208.6731,,205.4561,,199.9974,,190.5768,,175.3384
REMIND 1.7,CEMICS-1.5-CDR8,World,Emissions|CH4|AFOLU,Mt CH4/yr,,,,,,157.5003,,,,,181.6203,,,,,201.6234,204.5662,195.4971,191.7797,189.4602,187.0962,185.4164,181.1218,184.2896,185.3953,,184.5141,,180.9719,,172.7165,,158.6421
REMIND-MAgPIE 1.5,SSP1-19,World,Emissions|CH4,Mt CH4/yr,,,,,,334.0764,,,,,367.0243,,,,,,369.7149,,257.4702,,224.8264,,193.1842,,165.4703,,142.8746,,122.3833,,101.7566,,82.0964
REMIND-MAgPIE 1.5,SSP1-19,World,Emissions|CH4|AFOLU,Mt CH4/yr,,,,,,157.0764,,,,,173.2243,,,,,,206.6149,,188.9702,,185.0264,,166.6842,,143.2703,,123.4746,,104.5833,,85.0666,,66.8064
REMIND-MAgPIE 1.5,SSP1-19,World,Agricultural Demand|Crops,million t DM/yr,,,,,,3249.1855,,,,,3551.87,,,,,,4090.7309,,4563.1229,,4929.9483,,5034.4264,,5047.6126,,4886.9528,,4617.5386,,4214.7423,,3773.9605
REMIND-MAgPIE 1.5,SSP1-19,World,Agricultural Demand|Livestock,million t DM/yr,,,,,,182.5605,,,,,212.3053,,,,,,268.5869,,324.0785,,363.4159,,380.3403,,377.1683,,357.8417,,325.3433,,283.1143,,236.0897
REMIND-MAgPIE 1.5,SSP2-19,World,Emissions|CH4,Mt CH4/yr,,,,,,333.4646,,,,,369.8377,,,,,,375.1534,,259.8835,,217.5004,,197.279,,188.0729,,184.1812,,176.5057,,161.2719,,144.4311
REMIND-MAgPIE 1.5,SSP2-19,World,Emissions|CH4|AFOLU,Mt CH4/yr,,,,,,156.4646,,,,,174.0377,,,,,,198.3534,,191.2835,,180.4004,,172.579,,166.5729,,164.4812,,157.8057,,143.4719,,127.5311
REMIND-MAgPIE 1.5,SSP2-19,World,Agricultural Demand|Crops,million t DM/yr,,,,,,3249.1855,,,,,3560.6185,,,,,,4156.0026,,4670.7151,,5115.9729,,5518.2927,,5816.0375,,6019.5292,,6128.1299,,6167.8127,,6113.6971
REMIND-MAgPIE 1.5,SSP2-19,World,Agricultural Demand|Livestock,million t DM/yr,,,,,,182.5605,,,,,212.3053,,,,,,269.896,,320.247,,357.8048,,387.0588,,406.0613,,421.1703,,431.2666,,430.7216,,418.0231
REMIND-MAgPIE 1.5,SSP5-19,World,Emissions|CH4,Mt CH4/yr,,,,,,334.1,,,,,370.6797,,,,,,389.7747,,287.3396,,238.0582,,206.5069,,188.7058,,178.799,,166.2931,,151.7693,,132.955
REMIND-MAgPIE 1.5,SSP5-19,World,Emissions|CH4|AFOLU,Mt CH4/yr,,,,,,157.1,,,,,171.4797,,,,,,202.9747,,195.8396,,189.0582,,174.5069,,161.9058,,154.299,,142.8931,,128.3693,,109.855
REMIND-MAgPIE 1.5,SSP5-19,World,Agricultural Demand|Crops,million t DM/yr,,,,,,3249.1831,,,,,3547.6882,,,,,,4129.0797,,4755.6632,,5364.1071,,5828.3279,,6174.5382,,6417.2772,,6451.2333,,6365.4791,,6159.8457
REMIND-MAgPIE 1.5,SSP5-19,World,Agricultural Demand|Livestock,million t DM/yr,,,,,,182.5605,,,,,208.7761,,,,,,265.2375,,334.0137,,399.2174,,445.8933,,473.8485,,488.5642,,489.4092,,477.4057,,454.5509
REMIND-MAgPIE 1.7-3.0,CD-LINKS_NPi2020_400,World,Emissions|CH4,Mt CH4/yr,,,,,,332.0956,,,,,367.6158,,,,,409.4205,403.7287,315.5636,272.878,239.1723,233.8939,214.6394,210.013,200.0418,198.4594,,192.0669,,184.6624,,171.5922,,153.9012
REMIND-MAgPIE 1.7-3.0,CD-LINKS_NPi2020_400,World,Emissions|CH4|AFOLU,Mt CH4/yr,,,,,,157.5714,,,,,181.5013,,,,,203.0211,210.3444,178.3373,186.4537,178.802,183.9224,172.9281,175.7653,168.8339,169.4993,,166.4907,,161.0737,,150.0532,,134.647
REMIND-MAgPIE 1.7-3.0,EMF33_1.5C_cost100,World,Emissions|CH4,Mt CH4/yr,,,,,,329.2669,,,,,364.0764,,,,,406.4754,413.156,329.6384,273.0508,239.0633,234.5126,215.7635,211.9556,203.0597,203.1406,,198.7163,,193.4985,,182.2744,,166.4281
REMIND-MAgPIE 1.7-3.0,EMF33_1.5C_cost100,World,Agricultural Demand,million t DM/yr,,,,,,3543.3658,,,,,4080.7626,,,,,4712.6852,5374.9902,5978.117,6774.9633,7883.0016,9638.2388,12531.4498,16019.1154,18979.2621,20994.5758,,23445.9655,,26015.4099,,27287.3996,,27051.3977
REMIND-MAgPIE 1.7-3.0,EMF33_1.5C_full,World,Emissions|CH4,Mt CH4/yr,,,,,,329.2669,,,,,364.0764,,,,,406.6927,413.4807,331.4929,281.879,243.6443,237.4951,218.893,214.1584,205.2786,204.9053,,199.5844,,193.9767,,182.5298,,166.4804
REMIND-MAgPIE 1.7-3.0,EMF33_1.5C_full,World,Agricultural Demand,million t DM/yr,,,,,,3543.3658,,,,,4080.7626,,,,,4712.3011,5374.2929,5996.4324,6869.3767,8477.2991,11309.1876,14938.1906,17991.1239,19972.4394,21408.4545,,23959.7687,,26776.1399,,28098.6687,,27927.8443
REMIND-MAgPIE 1.7-3.0,EMF33_1.5C_nofuel,World,Emissions|CH4,Mt CH4/yr,,,,,,329.2669,,,,,364.0764,,,,,406.6114,413.4143,325.0187,270.656,236.4904,231.8516,213.1481,209.8827,201.6351,202.4033,,199.7081,,194.5877,,182.6789,,166.9875
REMIND-MAgPIE 1.7-3.0,EMF33_1.5C_nofuel,World,Agricultural Demand,million t DM/yr,,,,,,3543.3658,,,,,4080.7626,,,,,4712.2987,5374.7748,6109.2408,7204.2195,9398.0153,12750.2347,15801.4658,17673.732,18860.4053,19845.8186,,21440.2071,,22723.5877,,23241.8533,,22566.1418
REMIND-MAgPIE 1.7-3.0,PEP_1p5C_full_NDC,World,Emissions|CH4,Mt CH4/yr,,,,,,332.1035,,,,,371.1183,,,,,411.839,412.4978,408.5903,412.9775,293.9987,250.5805,216.4436,209.4299,199.1913,197.4095,,190.6845,,182.474,,169.774,,152.5846
REMIND-MAgPIE 1.7-3.0,PEP_1p5C_full_NDC,World,Emissions|CH4|AFOLU,Mt CH4/yr,,,,,,157.5793,,,,,181.5047,,,,,200.7172,214.7351,225.165,238.4559,181.2497,183.4397,172.2636,174.7447,168.0361,168.9346,,166.2412,,160.5678,,149.7622,,134.3684
REMIND-MAgPIE 1.7-3.0,PEP_1p5C_full_NDC,World,Agricultural Demand,million t DM/yr,,,,,,3545.6032,,,,,4078.753,,,,,4635.7364,5239.3888,5592.5903,5827.2047,6476.3008,7555.0649,10002.6112,12774.4467,14653.7957,15845.8083,,17436.5751,,18328.3935,,18352.1597,,17947.9064
REMIND-MAgPIE 1.7-3.0,PEP_1p5C_full_eff,World,Emissions|CH4,Mt CH4/yr,,,,,,332.1035,,,,,371.1183,,,,,413.3163,412.6512,324.1038,282.252,243.2879,238.0231,218.7594,213.9997,203.8645,201.6564,,193.3718,,184.9976,,171.7479,,153.9902
REMIND-MAgPIE 1.7-3.0,PEP_1p5C_full_eff,World,Emissions|CH4|AFOLU,Mt CH4/yr,,,,,,157.5793,,,,,181.5047,,,,,202.1945,217.7527,182.4347,189.1815,179.2052,184.0624,172.8327,175.7017,168.8649,169.4646,,166.5196,,161.0807,,150.105,,134.7104
REMIND-MAgPIE 1.7-3.0,PEP_1p5C_full_eff,World,Agricultural Demand,million t DM/yr,,,,,,3545.6032,,,,,4078.753,,,,,4636.76,5278.077,5832.559,6314.2731,6978.8189,8086.0428,9618.0925,11284.1562,12683.4659,13808.0508,,15651.8149,,16545.0033,,16688.406,,17078.7311
REMIND-MAgPIE 1.7-3.0,PEP_1p5C_full_goodpractice,World,Emissions|CH4,Mt CH4/yr,,,,,,332.0108,,,,,371.0374,,,,,409.7264,405.7962,387.134,379.21,274.551,240.4942,216.5038,210.3222,199.7399,197.9909,,190.8671,,182.9074,,170.0775,,152.9035
REMIND-MAgPIE 1.7-3.0,PEP_1p5C_full_goodpractice,World,Emissions|CH4|AFOLU,Mt CH4/yr,,,,,,157.4866,,,,,181.4238,,,,,198.6046,210.6563,220.9081,233.9807,181.7704,183.1797,172.1234,174.7637,167.8672,168.9081,,166.0013,,160.5925,,149.7749,,134.4501
REMIND-MAgPIE 1.7-3.0,PEP_1p5C_full_goodpractice,World,Agricultural Demand,million t DM/yr,,,,,,3545.5008,,,,,4078.1618,,,,,4635.8914,5258.1692,5620.6673,5840.8358,6398.8148,7470.4562,9683.173,12379.254,14337.2647,15635.4566,,17451.3587,,18330.1599,,18391.2285,,18027.3922
REMIND-MAgPIE 1.7-3.0,PEP_1p5C_full_netzero,World,Emissions|CH4,Mt CH4/yr,,,,,,332.0108,,,,,371.0374,,,,,409.7264,405.5869,384.0373,371.7061,272.9901,242.1157,217.7569,211.9893,201.231,199.2311,,191.4759,,183.2695,,170.3497,,153.1334
REMIND-MAgPIE 1.7-3.0,PEP_1p5C_full_netzero,World,Emissions|CH4|AFOLU,Mt CH4/yr,,,,,,157.4866,,,,,181.4238,,,,,198.6046,210.6884,221.0063,234.3163,182.3673,183.5491,172.3018,175.1911,168.1396,169.0247,,165.9442,,160.4142,,149.6482,,134.3852
REMIND-MAgPIE 1.7-3.0,PEP_1p5C_full_netzero,World,Agricultural Demand,million t DM/yr,,,,,,3545.5008,,,,,4078.1618,,,,,4635.8914,5270.4096,5675.2445,5950.82,6437.0188,7360.953,9283.7211,11710.82,13659.9798,15076.5636,,17126.0694,,18045.6035,,18008.2047,,17627.535
REMIND-MAgPIE 1.7-3.0,PEP_1p5C_red_eff,World,Emissions|CH4,Mt CH4/yr,,,,,,332.1457,,,,,371.1376,,,,,413.7906,411.6572,294.2495,247.7105,221.008,221.2459,204.7157,201.7327,192.9673,192.434,,187.3316,,179.8022,,167.4111,,150.4113
REMIND-MAgPIE 1.7-3.0,PEP_1p5C_red_eff,World,Emissions|CH4|AFOLU,Mt CH4/yr,,,,,,157.6215,,,,,181.524,,,,,202.6688,216.7587,173.746,182.1319,174.6753,180.9942,170.6232,173.6949,166.8832,167.927,,165.1481,,159.4732,,148.4639,,132.9211
REMIND-MAgPIE 1.7-3.0,PEP_1p5C_red_eff,World,Agricultural Demand,million t DM/yr,,,,,,3545.5404,,,,,4078.8056,,,,,4635.7716,5277.6347,6035.6882,6905.2464,8770.7261,9948.6664,10038.5158,10026.763,9893.47,9716.6832,,9466.6221,,9253.6212,,9205.252,,8612.0548
REMIND-MAgPIE 1.7-3.0,SMP_1p5C_Def,World,Emissions|CH4,Mt CH4/yr,,,,,,332.0804,,,,,376.9018,,,,,423.0403,346.3895,289.9867,272.2021,246.3142,237.7912,218.1547,213.5167,203.7776,201.633,,193.915,,185.5236,,172.053,,154.1329
REMIND-MAgPIE 1.7-3.0,SMP_1p5C_Def,World,Emissions|CH4|AFOLU,Mt CH4/yr,,,,,,157.5562,,,,,181.4763,,,,,203.2281,181.2562,179.0218,188.5987,179.9877,184.9976,173.2879,175.963,169.1206,169.6546,,166.4391,,160.8465,,149.8203,,134.3084
REMIND-MAgPIE 1.7-3.0,SMP_1p5C_Def,World,Agricultural Demand,million t DM/yr,,,,,,3545.4119,,,,,4078.5833,,,,,4622.9878,5282.4173,5870.758,6450.2766,7238.2374,8524.9416,10226.2169,11901.3043,13253.7325,14382.9194,,16249.8119,,17331.7724,,17276.2313,,17158.3255
REMIND-MAgPIE 1.7-3.0,SMP_1p5C_Sust,World,Emissions|CH4,Mt CH4/yr,,,,,,332.0804,,,,,379.6271,,,,,426.5725,323.5158,252.92,215.9617,186.5577,174.5169,155.1007,146.7957,138.8531,135.8586,,124.1615,,111.8352,,99.436,,87.9509
REMIND-MAgPIE 1.7-3.0,SMP_1p5C_Sust,World,Emissions|CH4|AFOLU,Mt CH4/yr,,,,,,157.5562,,,,,184.2016,,,,,206.7603,177.0106,162.8471,151.5058,131.7871,126.7226,113.2732,110.421,103.6921,102.2115,,94.5019,,85.77,,77.1317,,68.6219
REMIND-MAgPIE 1.7-3.0,SMP_1p5C_Sust,World,Agricultural Demand,million t DM/yr,,,,,,3545.4119,,,,,4060.0309,,,,,4619.5636,5158.2261,5324.8464,5399.9557,5692.5352,6282.2786,6944.3869,7392.1765,7614.2927,7783.3669,,7944.8688,,7772.4591,,7584.3112,,7580.1031
REMIND-MAgPIE 1.7-3.0,SMP_1p5C_early,World,Emissions|CH4,Mt CH4/yr,,,,,,332.0804,,,,,376.9018,,,,,423.1016,320.5768,263.2355,250.5285,233.2207,233.2155,216.678,212.9717,203.6744,202.4657,,197.0846,,188.555,,174.993,,157.0777
REMIND-MAgPIE 1.7-3.0,SMP_1p5C_early,World,Emissions|CH4|AFOLU,Mt CH4/yr,,,,,,157.5562,,,,,181.4763,,,,,203.2894,180.2422,179.1504,189.5636,181.8823,187.699,176.7714,178.6277,170.8146,170.8808,,168.0557,,161.5803,,150.6994,,135.7765
REMIND-MAgPIE 1.7-3.0,SMP_1p5C_early,World,Agricultural Demand,million t DM/yr,,,,,,3545.4119,,,,,4078.5833,,,,,4623.7792,5405.4607,6170.3636,7116.2855,8640.5164,10604.1405,12206.3089,13216.0792,13794.7639,14190.6836,,14704.671,,14507.5957,,14242.5372,,14364.3408
REMIND-MAgPIE 1.7-3.0,SMP_1p5C_lifesty,World,Emissions|CH4,Mt CH4/yr,,,,,,332.0804,,,,,376.9018,,,,,422.9179,344.5041,286.0324,244.5968,216.3071,199.1832,167.9989,158.0649,149.7118,147.2675,,136.2162,,124.3391,,111.4247,,98.2203
REMIND-MAgPIE 1.7-3.0,SMP_1p5C_lifesty,World,Emissions|CH4|AFOLU,Mt CH4/yr,,,,,,157.5562,,,,,181.4763,,,,,203.1057,178.1565,164.2894,157.7485,138.8277,134.5693,121.4133,118.9663,113.3408,113.5101,,107.482,,99.3857,,90.0407,,79.5821
REMIND-MAgPIE 1.7-3.0,SMP_1p5C_lifesty,World,Agricultural Demand,million t DM/yr,,,,,,3545.4119,,,,,4078.5833,,,,,4620.4591,5120.6026,5272.1815,5370.7472,5704.9037,6305.5818,7286.8744,8485.6633,9570.8477,10459.631,,11347.5511,,11333.5302,,11068.0809,,11217.1883
REMIND-MAgPIE 1.7-3.0,SMP_1p5C_regul,World,Emissions|CH4,Mt CH4/yr,,,,,,332.0804,,,,,379.6271,,,,,425.2933,341.305,281.8852,253.9452,228.8245,222.5361,200.9474,193.878,181.8571,178.3732,,168.6773,,159.7379,,147.3525,,131.6675
REMIND-MAgPIE 1.7-3.0,SMP_1p5C_regul,World,Emissions|CH4|AFOLU,Mt CH4/yr,,,,,,157.5562,,,,,184.2016,,,,,205.4811,179.6082,174.4074,181.28,170.9335,173.201,159.4331,159.3907,150.2141,149.2033,,143.3508,,136.3694,,126.025,,112.519
REMIND-MAgPIE 1.7-3.0,SMP_1p5C_regul,World,Agricultural Demand,million t DM/yr,,,,,,3545.4119,,,,,4060.0309,,,,,4627.1818,5316.1468,5799.291,6246.9187,6921.4989,7901.5976,9021.6175,9962.2743,10644.4599,11135.2741,,11637.2088,,11971.2673,,11931.0153,,11858.1495
REMIND-MAgPIE 1.7-3.0,SMP_2C_Sust,World,Emissions|CH4,Mt CH4/yr,,,,,,332.0804,,,,,379.6271,,,,,425.1476,342.2231,288.3663,247.6157,217.3135,207.0754,188.7898,173.4996,155.2871,149.47,,136.6116,,121.5883,,105.6648,,91.7817
REMIND-MAgPIE 1.7-3.0,SMP_2C_Sust,World,Emissions|CH4|AFOLU,Mt CH4/yr,,,,,,157.5562,,,,,184.2016,,,,,205.3354,182.5441,172.446,158.9617,137.4689,130.942,117.3925,114.7058,109.5589,108.1937,,99.8228,,89.3647,,79.0184,,69.6908
REMIND-MAgPIE 1.7-3.0,SMP_2C_Sust,World,Agricultural Demand,million t DM/yr,,,,,,3545.4119,,,,,4060.0309,,,,,4623.1424,5129.7056,5232.118,5138.3161,5069.5337,5006.7545,5169.1828,5397.7111,5675.1035,5936.859,,6073.5141,,5947.0673,,5775.3078,,5643.5348
REMIND-MAgPIE 1.7-3.0,SMP_2C_lifesty,World,Emissions|CH4,Mt CH4/yr,,,,,,332.0804,,,,,376.9018,,,,,422.8565,357.8966,306.0651,286.8326,258.3791,226.9957,200.7067,189.7743,166.6098,154.3388,,142.8374,,129.2294,,114.7735,,100.7067
REMIND-MAgPIE 1.7-3.0,SMP_2C_lifesty,World,Emissions|CH4|AFOLU,Mt CH4/yr,,,,,,157.5562,,,,,181.4763,,,,,203.0443,183.4675,169.9381,160.4405,141.995,137.9382,124.0016,121.7398,115.4436,114.265,,108.1959,,99.6139,,90.3416,,80.2951
REMIND-MAgPIE 1.7-3.0,SMP_2C_lifesty,World,Agricultural Demand,million t DM/yr,,,,,,3545.4119,,,,,4078.5833,,,,,4620.4733,5096.1135,5198.3151,5180.5252,5239.3872,5379.588,5665.8581,6129.7274,6724.221,7508.1984,,8776.6829,,9431.0439,,9770.5577,,10002.1804
REMIND-MAgPIE 1.7-3.0,SMP_2C_regul,World,Emissions|CH4,Mt CH4/yr,,,,,,332.0804,,,,,379.6271,,,,,425.3107,353.3752,310.3242,287.1753,262.0968,258.9573,226.702,208.7926,195.6881,191.4033,,179.5851,,166.802,,151.6999,,134.7487
REMIND-MAgPIE 1.7-3.0,SMP_2C_regul,World,Emissions|CH4|AFOLU,Mt CH4/yr,,,,,,157.5562,,,,,184.2016,,,,,205.4985,182.3932,181.4313,188.4815,178.9483,181.3422,167.3967,165.8533,155.2204,153.4519,,146.9564,,138.4766,,127.0474,,113.1907
REMIND-MAgPIE 1.7-3.0,SMP_2C_regul,World,Agricultural Demand,million t DM/yr,,,,,,3545.4119,,,,,4060.0309,,,,,4626.9904,5236.3441,5627.7253,5925.6153,6225.1434,6596.1173,7339.276,8209.9981,8925.4524,9496.6622,,10562.7793,,11452.0896,,11646.8411,,11745.9484
Reference,CEDS,World,Emissions|CH4,Mt CH4/yr,310.1880774,312.896572,322.2788586,328.1245125,338.9420199,346.3957241,356.4697673,355.0239056,360.4920599,364.2005148,370.8965125,372.6585004,380.8106761,381.5948218,387.8739252,388.0727952,,,,,,,,,,,,,,,,,
Reference,CEDS,World,Emissions|CH4|AFOLU,Mt CH4/yr,130.6370748,131.0806957,138.4312634,137.3244525,139.1986186,141.2165182,146.7737853,142.4611885,141.4099332,145.1148721,146.020833,145.4862587,149.2609186,148.1217157,154.3932557,153.6078196,,,,,,,,,,,,,,,,,
WITCH-GLOBIOM 3.1,SSP1-19,World,Emissions|CH4,Mt CH4/yr,,,,,,347.2366183,,,,,373.231036,,,,,,381.3262115,,188.9848699,,160.1626171,,138.9107567,,128.9730174,,121.1485089,,112.7880151,,105.8949577,,98.79263644
WITCH-GLOBIOM 3.1,SSP1-19,World,Emissions|CH4|AFOLU,Mt CH4/yr,,,,,,166.378192,,,,,168.2198646,,,,,,167.7446984,,106.5895411,,98.94737905,,93.37901868,,89.04068956,,85.37439569,,81.69903696,,77.85693926,,73.54731524
WITCH-GLOBIOM 3.1,SSP4-19,World,Emissions|CH4,Mt CH4/yr,,,,,,347.2366183,,,,,373.231036,,,,,,386.1228465,,194.6756222,,165.1671224,,143.4631866,,130.6265275,,121.4671476,,114.1427542,,108.1419428,,101.8243199
WITCH-GLOBIOM 3.1,SSP4-19,World,Emissions|CH4|AFOLU,Mt CH4/yr,,,,,,166.378192,,,,,168.2198646,,,,,,172.4411787,,106.5813251,,98.93980948,,93.3831329,,89.05369566,,85.37546552,,81.70125741,,77.86505067,,73.53795131
WITCH-GLOBIOM 4.2,ADVANCE_2020_1.5C-2100,World,Emissions|CH4,Mt CH4/yr,,,,,,347.2366183,,,,,373.231036,,,,,345.5363903,321.4043087,173.7641851,161.5993563,156.8063607,153.4107325,150.9237225,147.6725513,145.6360908,143.3405971,141.2047181,137.8118137,134.8747813,128.7761997,125.7195718,121.2588115,118.3541347,115.6947731
WITCH-GLOBIOM 4.2,ADVANCE_2020_1.5C-2100,World,Emissions|CH4|AFOLU,Mt CH4/yr,,,,,,166.378192,,,,,168.2198646,,,,,174.2535466,179.1305399,115.0211513,110.129818,107.0688012,103.9544402,102.016603,99.99883181,98.64198969,97.24075654,96.28848521,95.23960544,94.4118874,93.60689936,92.94998066,92.27099468,91.750338,91.22667369
WITCH-GLOBIOM 4.4,CD-LINKS_NPi2020_1000,World,Emissions|CH4,Mt CH4/yr,,,,,,343.3495643,,,,,356.8021544,,,,,371.2146851,385.8945494,202.5723483,167.6841223,154.035168,146.8329634,139.735787,134.013481,,126.8189955,,117.2762501,,108.4191993,,101.3167525,,86.71698043
WITCH-GLOBIOM 4.4,CD-LINKS_NPi2020_1000,World,Emissions|CH4|AFOLU,Mt CH4/yr,,,,,,163.3187774,,,,,157.6819436,,,,,159.7389095,163.0798416,105.8617706,95.18729748,88.67794884,83.56304666,78.52989577,73.87429224,,69.54737107,,65.10747939,,60.59343318,,57.73584929,,54.00728998
WITCH-GLOBIOM 4.4,CD-LINKS_NPi2020_400,World,Emissions|CH4,Mt CH4/yr,,,,,,343.3495643,,,,,356.8021544,,,,,371.2146851,385.8945494,174.3328844,147.9370043,139.1794389,133.3339179,128.1868066,122.4811676,,116.3861328,,108.7187238,,97.6620557,,90.94527779,,85.3154226
WITCH-GLOBIOM 4.4,CD-LINKS_NPi2020_400,World,Emissions|CH4|AFOLU,Mt CH4/yr,,,,,,163.3187774,,,,,157.6819436,,,,,159.7389095,163.0798416,96.53998081,85.93840848,79.90485473,74.3258912,69.90038951,65.63191267,,61.71442724,,57.4839721,,55.55843665,,54.64118331,,54.00728998
