"Country","All Classes","Arctic","Boreal, cold","Boreal, very cold","Subtropics, cold","Subtropics, cool","Subtropics, very cold","Subtropics, warm/mod. cool","Temperate, cold","Temperate, cool","Temperate, very cold","Tropics, cool/cold/very cold","Tropics, warm","Undefined"
"Afghanistan",641721.0618062615,0.0,0.0,0.0,50911.376559495926,389540.7945961952,25632.05159175396,170801.54996675253,67.28987121582031,4767.9992208480835,0.0,0.0,0.0,0.0
"Albania",28429.316143095493,0.0,0.0,0.0,95.23558807373047,14958.395898461342,0.0,8127.3450892567635,105.65283203125,5142.044992804527,0.0,0.0,0.0,0.641742467880249
"Algeria",2321707.327469945,0.0,0.0,0.0,0.0,40923.97873592377,0.0,2003715.0577810407,0.0,0.0,0.0,4816.503578186035,272251.7873747945,0.0
"Andorra",475.27252995967865,0.0,0.0,0.0,381.68788373470306,93.58464622497559,0.0,0.0,0.0,0.0,0.0,0.0,0.0,0.0
"Angola",1254625.6043950915,0.0,0.0,0.0,0.0,0.0,0.0,12799.966943204403,0.0,0.0,0.0,231570.41257572174,1010255.2248761654,0.0
"Antigua and Barbuda",448.3978701233864,0.0,0.0,0.0,0.0,0.0,0.0,0.0,0.0,0.0,0.0,0.0,446.75290834903717,1.6449617743492126
"Argentina",2780529.8950131238,6077.237535446882,5694.8185096383095,8834.865234375,23288.95452463627,375501.845156312,23770.7695479393,1746684.3996623158,45740.35446310043,226018.7693413496,23296.712557554245,218315.2639104128,77305.90457004309,0.0
"Armenia",29595.641939163208,0.0,0.0,0.0,0.0,0.0,0.0,0.0,1128.658941268921,28466.982997894287,0.0,0.0,0.0,0.0
"Australia",7709156.2121937275,124.96950697898865,0.0,0.0,3009.0358924865723,144800.2858455181,0.0,5243743.890288055,699.2848358154297,11051.693099021912,0.0,82.00379180908203,2305584.0060979724,61.04283607006073
"Austria",83617.77830225229,0.0,0.0,0.0,0.0,0.0,0.0,0.0,11635.460933029652,64584.273861289024,7398.043507933617,0.0,0.0,0.0
"Azerbaijan",164691.94669276476,0.0,0.0,0.0,0.0,2345.4072370529175,0.0,51.07381820678711,1141.3076728582382,86893.72288757563,0.0,0.0,0.0,74260.43507707119
"Bahamas",13375.653488755226,0.0,0.0,0.0,0.0,0.0,0.0,0.0,0.0,0.0,0.0,0.0,13356.934613108635,18.718875646591187
"Bahrain",675.7544385194778,0.0,0.0,0.0,0.0,0.0,0.0,675.7544385194778,0.0,0.0,0.0,0.0,0.0,0.0
"Bangladesh",139322.24794864655,0.0,0.0,0.0,0.0,0.0,0.0,18565.62566500902,0.0,0.0,0.0,0.0,120638.65645992756,117.96582370996475
"Barbados",443.949586391449,0.0,0.0,0.0,0.0,0.0,0.0,0.0,0.0,0.0,0.0,0.0,443.949586391449,0.0
"Belarus",206292.90026408434,0.0,0.0,0.0,0.0,0.0,0.0,0.0,0.0,206292.90026408434,0.0,0.0,0.0,0.0
"Belgium",30510.576554477215,0.0,0.0,0.0,0.0,0.0,0.0,0.0,0.0,30510.576554477215,0.0,0.0,0.0,0.0
"Belize",22365.708802700043,0.0,0.0,0.0,0.0,0.0,0.0,0.0,0.0,0.0,0.0,0.0,22364.059512913227,1.6492897868156433
"Benin",116281.23477959633,0.0,0.0,0.0,0.0,0.0,0.0,0.0,0.0,0.0,0.0,0.0,116281.23477959633,0.0
"Bhutan",37760.68150395155,0.0,0.0,0.0,2566.222999572754,12584.224102973938,8209.438524901867,14400.79587650299,0.0,0.0,0.0,0.0,0.0,0.0
"Bolivia (Plurinational State of)",1089819.7595829368,0.0,0.0,0.0,0.0,0.0,0.0,0.0,0.0,0.0,0.0,322694.486489594,767125.2730933428,0.0
"Bosnia and Herzegovina",50998.04054248333,0.0,0.0,0.0,0.0,2473.0426102876663,0.0,202.32414615154266,247.24408340454102,48075.42970263958,0.0,0.0,0.0,0.0
"Botswana",580279.8619571924,0.0,0.0,0.0,0.0,0.0,0.0,44720.37298947573,0.0,0.0,0.0,20654.872137010098,514904.6168307066,0.0
"Brazil",8532744.472185314,0.0,0.0,0.0,0.0,0.0,0.0,444761.8838529587,0.0,0.0,0.0,208381.65255975723,7879591.925835609,9.00993698835373
"Brunei Darussalam",5901.925044834614,0.0,0.0,0.0,0.0,0.0,0.0,0.0,0.0,0.0,0.0,0.0,5901.925044834614,0.0
"Bulgaria",111017.96104091406,0.0,0.0,0.0,0.0,0.0,0.0,0.0,1335.8608322143555,109490.78079646826,191.3194122314453,0.0,0.0,0.0
"Burkina Faso",274972.51857227087,0.0,0.0,0.0,0.0,0.0,0.0,0.0,0.0,0.0,0.0,0.0,274972.51857227087,0.0
"Burundi",27127.871235847473,0.0,0.0,0.0,0.0,0.0,0.0,0.0,0.0,0.0,0.0,11603.845258712769,15524.025977134705,0.0
"Cambodia",182498.1599241495,0.0,0.0,0.0,0.0,0.0,0.0,0.0,0.0,0.0,0.0,0.0,182496.4673190117,1.6926051378250122
"Cameroon",469272.53762978315,0.0,0.0,0.0,0.0,0.0,0.0,0.0,0.0,0.0,0.0,7175.648488998413,462096.88914078474,0.0
"Canada",9806200.15627531,2079275.487126857,3139991.3595068753,369493.6037685871,0.0,0.0,0.0,0.0,2318139.997669995,1687761.4036678076,210737.6208472848,0.0,0.0,800.683687902987
"Cape Verde",4076.067628443241,0.0,0.0,0.0,0.0,0.0,0.0,13.155959129333496,0.0,0.0,0.0,361.3522825241089,3701.5593867897987,0.0
"Central African Republic",624200.2502593398,0.0,0.0,0.0,0.0,0.0,0.0,0.0,0.0,0.0,0.0,0.0,624200.2502593398,0.0
"Chad",1276646.4445235133,0.0,0.0,0.0,0.0,0.0,0.0,85967.34440356493,0.0,0.0,0.0,17122.002754211426,1173557.097365737,0.0
"Chile",753686.5413992703,21560.750184118748,17286.737805128098,36850.69522714615,12129.547385394573,81845.93098407984,10678.594779968262,153223.02538233995,68196.4904204607,87299.34387362003,54602.199189305305,209885.97492957115,110.88977003097534,16.361468106508255
"China",9378815.804560244,0.0,0.0,0.0,404189.4811024666,746550.4117435813,1635535.937752664,1153958.574203968,525595.397651732,4355847.085332572,166075.80429303646,311810.3419688344,79236.36517989635,16.40533149242401
"Colombia",1145383.4839366078,0.0,0.0,0.0,0.0,0.0,0.0,0.0,0.0,0.0,0.0,150561.18955487013,994821.4359264374,0.8584553003311157
"Comoros",1685.3793986439705,0.0,0.0,0.0,0.0,0.0,0.0,0.0,0.0,0.0,0.0,166.77281951904297,1518.6065791249275,0.0
"Congo",343881.2654572129,0.0,0.0,0.0,0.0,0.0,0.0,0.0,0.0,0.0,0.0,0.0,343881.2654572129,0.0
"Cook Islands",248.81535166502,0.0,0.0,0.0,0.0,0.0,0.0,0.0,0.0,0.0,0.0,0.0,243.75065088272095,5.064700782299042
"Costa Rica",51539.240432322025,0.0,0.0,0.0,0.0,0.0,0.0,0.0,0.0,0.0,0.0,7043.971489191055,44494.42137956619,0.8475635647773743
"Croatia",56381.74740952253,0.0,0.0,0.0,0.0,6004.583438158035,0.0,3443.6978348493576,0.0,46931.60250663757,0.0,0.0,0.0,1.8636298775672913
"Cuba",111826.40216338634,0.0,0.0,0.0,0.0,0.0,0.0,0.0,0.0,0.0,0.0,80.78059387207031,111726.43625223637,19.185317277908325
"Cyprus",9010.30378895998,0.0,0.0,0.0,0.0,70.37291717529297,0.0,8939.930871784687,0.0,0.0,0.0,0.0,0.0,0.0
"Czech Republic",78460.97484052181,0.0,0.0,0.0,0.0,0.0,0.0,0.0,813.1535472869873,77647.82129323483,0.0,0.0,0.0,0.0
"CÃ´te d'Ivoire",323939.6197439432,0.0,0.0,0.0,0.0,0.0,0.0,0.0,0.0,0.0,0.0,0.0,323939.6197439432,0.0
"Democratic People's Republic of Korea",122304.51321184635,0.0,0.0,0.0,0.0,0.0,0.0,0.0,12950.867120981216,109351.65861660242,0.0,0.0,0.0,1.987474262714386
"Democratic Republic of the Congo",2343542.481987059,0.0,0.0,0.0,0.0,0.0,0.0,0.0,0.0,0.0,0.0,79513.1454538703,2264029.336533189,0.0
"Denmark",44125.3589079082,0.0,0.0,0.0,0.0,0.0,0.0,0.0,0.0,44124.39160865545,0.0,0.0,0.0,0.9672992527484894
"Djibouti",21817.61777997017,0.0,0.0,0.0,0.0,0.0,0.0,0.0,0.0,0.0,0.0,0.0,21814.248337745667,3.3694422245025635
"Dominica",771.1122471690178,0.0,0.0,0.0,0.0,0.0,0.0,0.0,0.0,0.0,0.0,0.0,771.1122471690178,0.0
"Dominican Republic",48401.551382899284,0.0,0.0,0.0,0.0,0.0,0.0,0.0,0.0,0.0,0.0,5254.820302963257,43146.73107993603,0.0
"Ecuador",257905.80726063251,0.0,0.0,0.0,0.0,0.0,0.0,0.0,0.0,0.0,0.0,77311.92168998718,180593.88557064533,0.0
"El Salvador",20935.436579942703,0.0,0.0,0.0,0.0,0.0,0.0,0.0,0.0,0.0,0.0,378.0302018523216,20557.40637809038,0.0
"Equatorial Guinea",27131.74506676197,0.0,0.0,0.0,0.0,0.0,0.0,0.0,0.0,0.0,0.0,343.5794372558594,26788.16562950611,0.0
"Eritrea",121044.60107183456,0.0,0.0,0.0,0.0,0.0,0.0,0.0,0.0,0.0,0.0,10066.641432464123,110976.30375546217,1.6558839082717896
"Estonia",45100.31544846296,0.0,0.0,0.0,0.0,0.0,0.0,0.0,0.0,45099.43310213089,0.0,0.0,0.0,0.8823463320732117
"Ethiopia",1136270.1507533193,0.0,0.0,0.0,0.0,0.0,0.0,0.0,0.0,0.0,0.0,298175.3758234978,838094.7749298215,0.0
"Faroe Islands (Associate Member)",1403.6849905848503,24.23508921265602,964.7425211966038,414.7073801755905,0.0,0.0,0.0,0.0,0.0,0.0,0.0,0.0,0.0,0.0
"Fiji",18378.707404732704,0.0,0.0,0.0,0.0,0.0,0.0,0.0,0.0,0.0,0.0,0.0,18370.508904099464,8.198500633239746
"Finland",333683.4040694237,0.0,275577.8064507544,1017.7737605571747,0.0,0.0,0.0,0.0,36932.77170664072,20151.4148722589,0.0,0.0,0.0,3.637279212474823
"France",546661.3681907654,0.0,0.0,0.0,6336.458591103554,65426.73951399326,2801.710987329483,23791.626870810986,2153.5916845798492,445750.5997989774,398.8631417751312,0.0,0.0,1.777602195739746
"Gabon",266518.1573908329,0.0,0.0,0.0,0.0,0.0,0.0,0.0,0.0,0.0,0.0,0.0,266518.1573908329,0.0
"Gambia",10868.230472445488,0.0,0.0,0.0,0.0,0.0,0.0,0.0,0.0,0.0,0.0,0.0,10868.230472445488,0.0
"Georgia",69622.89466238022,0.0,0.0,0.0,62.43975067138672,6222.116554379463,0.0,5542.221932888031,8053.746877610683,49280.78866147995,461.5808853507042,0.0,0.0,0.0
"Germany",355249.3362747431,0.0,0.0,0.0,0.0,0.0,0.0,0.0,398.1178380250931,354835.22980868816,14.4840989112854,0.0,0.0,1.5045291185379028
"Ghana",240272.73907887936,0.0,0.0,0.0,0.0,0.0,0.0,0.0,0.0,0.0,0.0,0.0,240272.73907887936,0.0
"Greece",132389.22733300924,0.0,0.0,0.0,65.69902801513672,40593.33387386799,0.0,65661.25560730696,0.0,25884.095516383648,0.0,0.0,0.0,184.84330743551254
"Grenada",325.5205518603325,0.0,0.0,0.0,0.0,0.0,0.0,0.0,0.0,0.0,0.0,0.0,325.5205518603325,0.0
"Guatemala",109652.61389362812,0.0,0.0,0.0,0.0,0.0,0.0,0.0,0.0,0.0,0.0,24943.46411037445,84709.14978325367,0.0
"Guinea-Bissau",34140.83097088337,0.0,0.0,0.0,0.0,0.0,0.0,0.0,0.0,0.0,0.0,0.0,34138.29705810547,2.533912777900696
"Guinea",246351.03417408466,0.0,0.0,0.0,0.0,0.0,0.0,0.0,0.0,0.0,0.0,0.0,246351.03417408466,0.0
"Guyana",211734.49391257763,0.0,0.0,0.0,0.0,0.0,0.0,0.0,0.0,0.0,0.0,302.1961946487427,211432.2977179289,0.0
"Haiti",27115.004371464252,0.0,0.0,0.0,0.0,0.0,0.0,0.0,0.0,0.0,0.0,933.5534610748291,26173.33789342642,8.113016963005066
"Holy See",0.638561487197876,0.0,0.0,0.0,0.0,0.0,0.0,0.638561487197876,0.0,0.0,0.0,0.0,0.0,0.0
"Honduras",113398.25280511379,0.0,0.0,0.0,0.0,0.0,0.0,0.0,0.0,0.0,0.0,5048.0546951293945,108349.37098139524,0.8271285891532898
"Hungary",92743.39850711823,0.0,0.0,0.0,0.0,0.0,0.0,0.0,0.0,92743.39850711823,0.0,0.0,0.0,0.0
"Iceland",101553.54323485494,27636.703751385212,10837.811685562134,62543.75584709644,0.0,0.0,0.0,0.0,75.6005630493164,0.0,456.0650291442871,0.0,0.0,3.606358617544174
"India",2988426.0995697975,0.0,0.0,0.0,10205.580685138702,22110.326046943665,26245.82975912094,937893.5807954073,0.0,0.0,0.0,36514.7968930006,1955310.4748455286,145.51054465770721
"Indonesia",1901284.7359036803,0.0,0.0,0.0,0.0,0.0,0.0,0.0,0.0,0.0,0.0,61194.58327674866,1839972.1025019288,118.05012500286102
"Iran (Islamic Republic of)",1678308.1118617654,0.0,0.0,0.0,338.8297119140625,772095.0675411224,0.0,743900.9415692687,0.0,52581.1783503294,0.0,0.0,57234.4146386385,52157.68005049229
"Iraq",436404.02786684036,0.0,0.0,0.0,0.0,21551.692024111748,0.0,413838.6686066389,0.0,1013.6672360897064,0.0,0.0,0.0,0.0
"Ireland",69399.57800874114,0.0,0.0,0.0,0.0,0.0,0.0,0.0,0.0,69395.95299845934,0.0,0.0,0.0,3.6250102818012238
"Israel",20793.92081397772,613.3681824207306,0.0,0.0,0.0,0.0,0.0,20180.552631556988,0.0,0.0,0.0,0.0,0.0,0.0
"Italy",300854.05188024044,0.0,0.0,0.0,3042.101089000702,74210.38239395618,4840.107725739479,119600.4294065237,6383.137886404991,89341.89885544777,3434.709143817425,0.0,0.0,1.2853793501853943
"Jamaica",11084.955896377563,0.0,0.0,0.0,0.0,0.0,0.0,0.0,0.0,0.0,0.0,0.0,11084.140382707119,0.8155136704444885
"Japan",373362.96159386635,0.0,63.42593610286713,0.0,0.0,35954.2882373333,0.0,39032.13930362463,5044.172806918621,292712.01465421915,0.0,0.0,542.4994913339615,14.421164333820343
"Jordan",89214.13984531164,988.0237836837769,0.0,0.0,0.0,237.1774456501007,0.0,87988.93861597776,0.0,0.0,0.0,0.0,0.0,0.0
"Kazakhstan",2828804.0024382174,0.0,0.0,0.0,0.0,0.0,0.0,0.0,55536.37523382902,2661577.896107644,9526.237589716911,0.0,0.0,102163.49350702763
"Kenya",585520.4856780767,0.0,0.0,0.0,0.0,0.0,0.0,0.0,0.0,0.0,0.0,86770.114405334,498747.7934804559,2.5777922868728638
"Kiribati",935.4083582162857,0.0,0.0,0.0,0.0,0.0,0.0,0.0,0.0,0.0,0.0,0.0,916.5682233572006,18.840134859085083
"Kuwait",17306.70022380352,0.0,0.0,0.0,0.0,0.0,0.0,17306.70022380352,0.0,0.0,0.0,0.0,0.0,0.0
"Kyrgyzstan",198767.5345121026,0.0,0.0,0.0,0.0,0.0,0.0,0.0,71476.17330896854,87308.84862112999,39982.51258200407,0.0,0.0,0.0
"Lao People's Democratic Republic",231086.28127342463,0.0,0.0,0.0,0.0,0.0,0.0,0.0,0.0,0.0,0.0,6696.727034568787,224389.55423885584,0.0
"Latvia",64081.66200020909,0.0,0.0,0.0,0.0,0.0,0.0,0.0,0.0,64081.66200020909,0.0,0.0,0.0,0.0
"Lebanon",10139.92334318161,0.0,0.0,0.0,0.0,4287.4914709329605,0.0,5852.43187224865,0.0,0.0,0.0,0.0,0.0,0.0
"Lesotho",30499.23508399725,0.0,0.0,0.0,2145.8539428710938,11888.590943336487,0.0,15942.756697118282,0.0,0.0,0.0,522.0335006713867,0.0,0.0
"Liberia",96479.8668282628,0.0,0.0,0.0,0.0,0.0,0.0,0.0,0.0,0.0,0.0,0.0,96479.8668282628,0.0
"Libya",1620981.774813354,0.0,0.0,0.0,0.0,0.0,0.0,1591643.4978486896,0.0,0.0,0.0,0.0,29337.54858237505,0.7283822894096375
"Liechtenstein",151.04235243797302,0.0,0.0,0.0,0.0,0.0,0.0,0.0,32.09482431411743,118.94752812385559,0.0,0.0,0.0,0.0
"Lithuania",64491.97296774387,0.0,0.0,0.0,0.0,0.0,0.0,0.0,0.0,64491.97296774387,0.0,0.0,0.0,0.0
"Luxembourg",2608.800112247467,0.0,0.0,0.0,0.0,0.0,0.0,0.0,0.0,2608.800112247467,0.0,0.0,0.0,0.0
"Madagascar",594206.0607721806,0.0,0.0,0.0,0.0,0.0,0.0,0.0,0.0,0.0,0.0,110143.63402557373,484061.58845961094,0.8382869958877563
"Malawi",118741.1469681859,0.0,0.0,0.0,0.0,0.0,0.0,0.0,0.0,0.0,0.0,18488.253262519836,100252.89370566607,0.0
"Malaysia",331948.51870030165,0.0,0.0,0.0,0.0,0.0,0.0,0.0,0.0,0.0,0.0,1221.8558712005615,330715.5116033554,11.151225745677948
"Maldives",185.32668405771255,0.0,0.0,0.0,0.0,0.0,0.0,0.0,0.0,0.0,0.0,0.0,132.12351250648499,53.20317155122757
"Mali",1257746.0874046087,0.0,0.0,0.0,0.0,0.0,0.0,162980.68394231796,0.0,0.0,0.0,0.0,1094765.4034622908,0.0
"Malta",317.73036843538284,0.0,0.0,0.0,0.0,0.0,0.0,317.035077214241,0.0,0.0,0.0,0.0,0.0,0.6952912211418152
"Marshall Islands",189.0998209118843,0.0,0.0,0.0,0.0,0.0,0.0,0.0,0.0,0.0,0.0,0.0,121.92270213365555,67.17711877822876
"Mauritania",1043404.7401074767,0.0,0.0,0.0,0.0,0.0,0.0,172388.08390963078,0.0,0.0,0.0,0.0,871016.6561978459,0.0
"Mauritius",2022.020971596241,0.0,0.0,0.0,0.0,0.0,0.0,0.0,0.0,0.0,0.0,0.0,2022.020971596241,0.0
"Mexico",1965060.4602882862,0.0,0.0,0.0,0.0,36883.22787284851,0.0,591351.6658553481,0.0,0.0,0.0,582765.9372128248,753975.7266839743,83.90266329050064
"Micronesia (Federated States of)",693.9449926018715,0.0,0.0,0.0,0.0,0.0,0.0,0.0,0.0,0.0,0.0,0.0,675.2081781625748,18.736814439296722
"Republic of Moldova",33658.19238936901,0.0,0.0,0.0,0.0,0.0,0.0,0.0,0.0,33658.19238936901,0.0,0.0,0.0,0.0
"Monaco",7.435232043266296,0.0,0.0,0.0,0.0,4.336820602416992,0.0,3.098411440849304,0.0,0.0,0.0,0.0,0.0,0.0
"Mongolia",1559229.5886526704,0.0,0.0,0.0,0.0,0.0,0.0,0.0,655644.0999878645,844824.9560950994,58760.53256970644,0.0,0.0,0.0
"Morocco",406759.5084454417,0.0,0.0,0.0,0.0,46677.61328935623,0.0,360081.19986486435,0.0,0.0,0.0,0.0,0.0,0.6952912211418152
"Mozambique",791189.3674147725,0.0,0.0,0.0,0.0,0.0,0.0,0.0,0.0,0.0,0.0,11324.69850742817,779839.2797404528,25.38916689157486
"Myanmar",670358.3878878951,0.0,0.0,0.0,0.0,75.60159301757812,545.7509462833405,49408.06939649582,0.0,0.0,0.0,79472.94479727745,540848.5127851367,7.50836968421936
"Namibia",827571.276612699,0.0,0.0,0.0,0.0,0.0,0.0,174513.05094140768,0.0,0.0,0.0,221966.62054479122,431091.60512650013,0.0
"Nauru",16.349887371063232,0.0,0.0,0.0,0.0,0.0,0.0,0.0,0.0,0.0,0.0,0.0,16.349887371063232,0.0
"Nepal",147646.3981269002,0.0,0.0,0.0,7612.924120903015,26497.438081085682,24898.486269652843,88637.54965525866,0.0,0.0,0.0,0.0,0.0,0.0
"Netherlands",34992.09176528454,0.0,0.0,0.0,0.0,0.0,0.0,0.0,0.0,34992.09176528454,0.0,0.0,0.0,0.0
"New Zealand",269828.8166718483,137.75297892093658,120.02237606048584,427.112739443779,11660.042652130127,116001.6271058917,1298.318286895752,69165.82818967104,7280.493129730225,63425.62397134304,302.02668380737305,0.0,0.0,9.968557953834534
"Nicaragua",129752.9941855073,0.0,0.0,0.0,0.0,0.0,0.0,0.0,0.0,0.0,0.0,335.1428985595703,129417.85128694773,0.0
"Niger",1189553.9339877367,0.0,0.0,0.0,0.0,0.0,0.0,168597.47080636024,0.0,0.0,0.0,0.0,1020956.4631813765,0.0
"Nigeria",915037.523648262,0.0,0.0,0.0,0.0,0.0,0.0,0.0,0.0,0.0,0.0,781.4679179191589,914256.0557303429,0.0
"Niue",269.0521733760834,0.0,0.0,0.0,0.0,0.0,0.0,0.0,0.0,0.0,0.0,0.0,269.0521733760834,0.0
"Norway",321212.19475504756,1025.972515553236,122248.14660203457,61231.94022503495,0.0,0.0,0.0,0.0,75220.19119533896,23589.97091332078,37888.69418525696,0.0,0.0,7.27911850810051
"Oman",308913.19858407974,0.0,0.0,0.0,0.0,0.0,0.0,13345.516791462898,0.0,0.0,0.0,1113.4570007324219,294454.2247918844,0.0
"Pakistan",796442.7978031635,0.0,0.0,0.0,9959.633364737034,84911.30872005224,7699.7850179076195,635580.195923388,0.0,0.0,0.0,0.0,58291.091018378735,0.7837586998939514
"Palau",460.7477894425392,0.0,0.0,0.0,0.0,0.0,0.0,0.0,0.0,0.0,0.0,0.0,459.888430416584,0.8593590259552002
"Panama",75505.52600777149,0.0,0.0,0.0,0.0,0.0,0.0,0.0,0.0,0.0,0.0,3056.7914659380913,72447.8843164444,0.8502253890037537
"Papua New Guinea",465247.5321213007,0.0,0.0,0.0,0.0,0.0,0.0,0.0,0.0,0.0,0.0,47684.95287322998,417530.12868088484,32.450567185878754
"Paraguay",401177.0955978036,0.0,0.0,0.0,0.0,0.0,0.0,79410.73552078009,0.0,0.0,0.0,0.0,321766.3600770235,0.0
"Peru",1299324.2969124317,0.0,0.0,0.0,0.0,0.0,0.0,15024.079092383385,0.0,0.0,0.0,517297.7976207137,766999.0461532474,3.3740460872650146
"Philippines",297462.5496252179,0.0,0.0,0.0,0.0,0.0,0.0,4.026062965393066,0.0,0.0,0.0,4586.643035888672,292650.5238170028,221.35670936107635
"Poland",310170.6281886399,0.0,0.0,0.0,0.0,0.0,0.0,0.0,193.00342202186584,309938.99062660336,38.63414001464844,0.0,0.0,0.0
"Portugal",88613.15535598993,0.0,0.0,0.0,0.0,19418.093494951725,0.0,69195.06186103821,0.0,0.0,0.0,0.0,0.0,0.0
"Qatar",11401.47639375925,0.0,0.0,0.0,0.0,0.0,0.0,11400.701044619083,0.0,0.0,0.0,0.0,0.0,0.7753491401672363
"Republic of Korea",99048.24787896872,0.0,0.0,0.0,0.0,1499.559232711792,0.0,198.88117456436157,0.0,97340.63272166252,0.0,0.0,0.0,9.174750030040741
"Romania",237266.43135744333,0.0,0.0,0.0,0.0,0.0,0.0,0.0,6083.9825274944305,231182.4488299489,0.0,0.0,0.0,0.0
"Russian Federation",1.685809591820635E7,1107018.826129213,8685405.08546777,873082.32272017,0.0,871.2030715942383,0.0,220.1593677997589,2321034.0977206826,3759005.63996014,57480.22622150183,0.0,0.0,53978.35754747689
"Rwanda",25366.709375202656,0.0,0.0,0.0,0.0,0.0,0.0,0.0,0.0,0.0,0.0,19881.30087172985,5485.408503472805,0.0
"Saint Kitts and Nevis",280.0497941970825,0.0,0.0,0.0,0.0,0.0,0.0,0.0,0.0,0.0,0.0,0.0,280.0497941970825,0.0
"Saint Lucia",618.7760756611824,0.0,0.0,0.0,0.0,0.0,0.0,0.0,0.0,0.0,0.0,0.0,618.7760756611824,0.0
"Saint Vincent and the Grenadines",456.6058034300804,0.0,0.0,0.0,0.0,0.0,0.0,0.0,0.0,0.0,0.0,0.0,456.6058034300804,0.0
"Samoa",2892.0591188669205,0.0,0.0,0.0,0.0,0.0,0.0,0.0,0.0,0.0,0.0,0.0,2891.2237977981567,0.8353210687637329
"San Marino",59.90901678800583,0.0,0.0,0.0,0.0,8.651540219783783,0.0,0.0,0.0,51.257476568222046,0.0,0.0,0.0,0.0
"Sao Tome and Principe",1015.3880767822266,0.0,0.0,0.0,0.0,0.0,0.0,0.0,0.0,0.0,0.0,0.0,1015.3880767822266,0.0
"Saudi Arabia",1932471.1802973747,0.0,0.0,0.0,0.0,0.0,0.0,1315735.2588675618,0.0,0.0,0.0,16188.196961402893,600527.0988622308,20.625606179237366
"Senegal",197836.97532725334,0.0,0.0,0.0,0.0,0.0,0.0,0.0,0.0,0.0,0.0,0.0,197833.6339826584,3.3413445949554443
"Seychelles",449.9753367304802,0.0,0.0,0.0,0.0,0.0,0.0,0.0,0.0,0.0,0.0,0.0,432.1123635172844,17.8629732131958
"Sierra Leone",72810.07579219341,0.0,0.0,0.0,0.0,0.0,0.0,0.0,0.0,0.0,0.0,0.0,72810.07579219341,0.0
"Singapore",600.4972053170204,0.0,0.0,0.0,0.0,0.0,0.0,0.0,0.0,0.0,0.0,0.0,600.4972053170204,0.0
"Slovakia",48836.65441793203,0.0,0.0,0.0,0.0,0.0,0.0,0.0,1123.2100372314453,47640.06895726919,73.37542343139648,0.0,0.0,0.0
"Slovenia",20241.522805154324,0.0,0.0,0.0,0.0,0.0,0.0,0.0,359.320104598999,19882.202700555325,0.0,0.0,0.0,0.0
"Solomon Islands",28881.11126345396,0.0,0.0,0.0,0.0,0.0,0.0,0.0,0.0,0.0,0.0,84.80709075927734,28780.14115869999,16.163013994693756
"Somalia",637314.0702090263,0.0,0.0,0.0,0.0,0.0,0.0,0.0,0.0,0.0,0.0,1813.1633987426758,635500.0542947054,0.8525155782699585
"South Africa",1222734.6989136338,332.3650372028351,0.0,0.0,105.0911340713501,7677.440278232098,0.0,953771.5876773596,0.0,0.0,0.0,151844.78895437717,109003.42583239079,0.0
"Spain",504911.6848850846,0.0,0.0,0.0,3383.0818977355957,312732.40248191357,63.1248664855957,188731.03948277235,0.0,0.0,0.0,0.0,0.0,2.036156177520752
"Sri Lanka",66596.32830512524,0.0,0.0,0.0,0.0,0.0,0.0,0.0,0.0,0.0,0.0,1452.1643600463867,65139.91069483757,4.253250241279602
"Suriname",146966.83437013626,0.0,0.0,0.0,0.0,0.0,0.0,0.0,0.0,0.0,0.0,0.0,146966.83437013626,0.0
"Swaziland",17331.5930544734,0.0,0.0,0.0,0.0,0.0,0.0,1436.666130065918,0.0,0.0,0.0,7443.052635014057,8451.874289393425,0.0
"Sweden",445154.95704850554,0.0,247020.97580489516,24413.9821523726,0.0,0.0,0.0,0.0,36131.39718866348,137581.31466645002,0.0,0.0,0.0,7.287236124277115
"Switzerland",41084.08965134621,0.0,0.0,0.0,307.97318744659424,176.48772430419922,4290.837225675583,0.0,5519.925716876984,25179.150138020515,5609.715659022331,0.0,0.0,0.0
"Syrian Arab Republic",188227.03736400604,0.0,0.0,0.0,0.0,14121.6235101223,0.0,174105.41385388374,0.0,0.0,0.0,0.0,0.0,0.0
"Tajikistan",141929.57535731792,0.0,0.0,0.0,20980.578631579876,43812.97682160139,27583.02634525299,0.0,12065.033678531647,17238.555476129055,20249.404404222965,0.0,0.0,0.0
"Thailand",516811.6206790805,0.0,0.0,0.0,0.0,0.0,0.0,0.0,0.0,0.0,0.0,409.522798538208,516392.78254657984,9.31533396244049
"The former Yugoslav Republic of Macedonia",25370.77522224188,0.0,0.0,0.0,125.34735584259033,3515.129982292652,0.0,0.0,212.5446891784668,21517.75319492817,0.0,0.0,0.0,0.0
"Timor-Leste",14985.443274080753,0.0,0.0,0.0,0.0,0.0,0.0,0.0,0.0,0.0,0.0,255.01573944091797,14721.922728002071,8.504806637763977
"Togo",57404.57223659754,0.0,0.0,0.0,0.0,0.0,0.0,0.0,0.0,0.0,0.0,0.0,57404.57223659754,0.0
"Tokelau (Associate Member)",20.39090871810913,0.0,0.0,0.0,0.0,0.0,0.0,0.0,0.0,0.0,0.0,0.0,20.39090871810913,0.0
"Tonga",667.7091715335846,0.0,0.0,0.0,0.0,0.0,0.0,0.0,0.0,0.0,0.0,0.0,659.624589920044,8.08458161354065
"Trinidad and Tobago",5211.562986075878,0.0,0.0,0.0,0.0,0.0,0.0,0.0,0.0,0.0,0.0,0.0,5211.562986075878,0.0
"Tunisia",155258.3942901492,0.0,0.0,0.0,0.0,291.63739132881165,0.0,154966.07232487202,0.0,0.0,0.0,0.0,0.0,0.6845739483833313
"Turkey",780142.4413198233,0.0,0.0,0.0,746.6218032836914,408491.51307988167,0.0,101700.78382354975,4486.3581738471985,264713.19855087996,0.0,0.0,0.0,3.9658883810043335
"Turkmenistan",554371.1378009915,0.0,0.0,0.0,0.0,83149.75622957945,0.0,9319.53042268753,0.0,400784.9117245078,0.0,0.0,0.0,61116.93942421675
"Tuvalu",28.99728637933731,0.0,0.0,0.0,0.0,0.0,0.0,0.0,0.0,0.0,0.0,0.0,25.59481430053711,3.4024720788002014
"Uganda",242847.72057056427,0.0,0.0,0.0,0.0,0.0,0.0,0.0,0.0,0.0,0.0,17883.699191629887,224964.02137893438,0.0
"Ukraine",597677.4192199111,0.0,0.0,0.0,0.0,0.0,0.0,0.0,1403.5160098075867,596266.77576226,0.0,0.0,0.0,7.127447843551636
"United Arab Emirates",71531.17893826962,0.0,0.0,0.0,0.0,0.0,0.0,17169.977201223373,0.0,0.0,0.0,0.0,54358.851931750774,2.3498052954673767
"United Kingdom",242715.2351050377,0.0,28.745038390159607,0.0,0.0,0.0,0.0,0.0,20879.187663197517,221571.5688019991,232.97838592529297,0.0,0.0,2.7552155256271362
"United Republic of Tanzania",947126.7097023726,0.0,0.0,0.0,0.0,0.0,0.0,0.0,0.0,0.0,0.0,119059.03320598602,828063.3940418959,4.282454490661621
"United States of America",9300491.75628215,138186.96702232957,919854.4041951001,215472.4437390566,100579.30501174927,1556704.397228539,6268.320930480957,1644711.1206222177,247770.80842024088,4346864.86385715,91877.5479297638,1018.1899452209473,28955.149667024612,2228.23771327734
"Uruguay",178308.776237607,0.0,0.0,0.0,0.0,0.0,0.0,178307.37022471428,0.0,0.0,0.0,0.0,0.0,1.4060128927230835
"Uzbekistan",448571.7556718588,0.0,0.0,0.0,2281.813554763794,43733.71545636654,26.052770614624023,0.0,2793.2243223786354,399475.6439681649,261.30559957027435,0.0,0.0,0.0
"Vanuatu",12289.67371159792,0.0,0.0,0.0,0.0,0.0,0.0,0.0,0.0,0.0,0.0,0.0,12287.222511053085,2.451200544834137
"Venezuela (Bolivarian Republic of)",917979.4426209927,0.0,0.0,0.0,0.0,0.0,0.0,0.0,0.0,0.0,0.0,25787.672886490822,892187.5434347391,4.22629976272583
"Viet Nam",329158.9410662651,0.0,0.0,0.0,0.0,0.0,0.0,52464.37859779596,0.0,0.0,0.0,7648.446024119854,268992.7522583008,53.36418604850769
"Yemen",455889.26611208916,0.0,0.0,0.0,0.0,0.0,0.0,0.0,0.0,0.0,0.0,33879.45436954498,422005.67741554976,4.134326994419098
"Zambia",755087.6049283743,0.0,0.0,0.0,0.0,0.0,0.0,0.0,0.0,0.0,0.0,62507.40577018261,692580.1991581917,0.0
"Zimbabwe",392453.3959328532,0.0,0.0,0.0,0.0,0.0,0.0,0.0,0.0,0.0,0.0,113746.16229367256,278707.23363918066,0.0
"Sudan",1861975.7303199768,0.0,0.0,0.0,0.0,0.0,0.0,95269.05722165108,0.0,0.0,0.0,628.5841705799103,1766072.4987599254,5.590167820453644
"South Sudan",633895.5948091149,0.0,0.0,0.0,0.0,0.0,0.0,0.0,0.0,0.0,0.0,692.755823135376,633202.8389859796,0.0
"Montenegro",13739.77604907751,0.0,0.0,0.0,0.0,3340.278253376484,0.0,974.7315113544464,168.08225870132446,9256.684025645256,0.0,0.0,0.0,0.0
"Serbia",88206.34326601028,0.0,0.0,0.0,98.92837542295456,37.683101654052734,0.0,0.0,147.50164258480072,87922.23014634848,0.0,0.0,0.0,0.0
"Egypt",983656.9850608706,0.0,0.0,0.0,0.0,226.50402069091797,0.0,923749.9938493967,0.0,0.0,0.0,0.0,59677.400303184986,3.0868875980377197
